-1
-1
-1
-1
-1
-1
-1
-1
-1
-1
-1
-1
-1
-1
-1
-1
-1
-1
-1
-1
-1
-1
-1
-1
-1
-1
-1
-1
-1
-1
-1
-1
-1
-1
-1
-1
-1
-1
-1
-1
-1
-1
-1
-1
-1
-1
-1
-1
-1
-1
-1
-1
-1
-1
-1
-1
-1
-1
-1
-1
-1
-1
-1
-1
-1
-1
-1
-1
-1
-1
-1
-1
-1
-1
-1
-1
-1
-1
-1
-1
-1
-1
-1
-1
-1
-1
-1
-1
-1
-1
-1
-1
-1
-1
-1
-1
-1
-1
-1
-1
-1
-1
-1
-1
-1
-1
-1
-1
-1
-1
-1
-1
-1
-1
-1
-1
-1
-1
-1
-1
-1
-1
-1
-1
-1
-1
-1
-1
-1
-1
-1
-1
-1
-1
-1
-1
-1
-1
-1
-1
-1
-1
-1
-1
-1
-1
-1
-1
-1
-1
-1
-1
-1
-1
-1
-1
-1
-1
-1
-1
-1
-1
-1
-1
-1
-1
-1
-1
-1
-1
-1
-1
-1
-1
-1
-1
-1
-1
-1
-1
-1
-1
-1
-1
-1
-1
-1
-1
-1
-1
-1
-1
-1
-1
-1
-1
-1
-1
-1
-1
-1
-1
-1
-1
-1
-1
-1
-1
-1
-1
-1
-1
-1
-1
-1
-1
-1
-1
-1
-1
-1
-1
-1
-1
-1
-1
-1
-1
-1
-1
-1
-1
-1
-1
-1
-1
-1
-1
-1
-1
-1
-1
-1
-1
-1
-1
-1
-1
-1
-1
-1
-1
-1
-1
-1
-1
-1
-1
-1
-1
-1
-1
-1
-1
-1
-1
-1
-1
-1
-1
-1
-1
-1
-1
-1
-1
-1
-1
-1
-1
-1
-1
-1
-1
-1
-1
-1
-1
-1
-1
-1
-1
-1
-1
-1
-1
-1
-1
-1
-1
-1
-1
-1
-1
-1
-1
-1
-1
-1
-1
-1
-1
-1
-1
-1
-1
-1
-1
-1
-1
-1
-1
-1
-1
-1
-1
-1
-1
-1
-1
-1
-1
-1
-1
-1
-1
-1
-1
-1
-1
-1
-1
-1
-1
-1
-1
-1
-1
-1
-1
-1
-1
-1
-1
-1
-1
-1
-1
-1
-1
-1
-1
-1
-1
-1
-1
-1
-1
-1
-1
-1
-1
-1
-1
-1
-1
-1
-1
-1
-1
-1
-1
-1
-1
-1
-1
-1
-1
-1
-1
-1
-1
-1
-1
-1
-1
-1
-1
-1
-1
-1
-1
-1
-1
-1
-1
-1
-1
-1
-1
-1
-1
-1
-1
-1
-1
-1
-1
-1
-1
-1
-1
-1
-1
-1
-1
-1
-1
-1
-1
-1
-1
-1
-1
-1
-1
-1
-1
-1
-1
-1
-1
-1
-1
-1
-1
-1
-1
-1
-1
-1
-1
-1
-1
-1
-1
-1
-1
-1
-1
-1
-1
-1
-1
-1
-1
-1
-1
-1
-1
-1
-1
-1
-1
-1
-1
-1
-1
-1
-1
-1
-1
-1
-1
-1
-1
-1
-1
-1
-1
-1
-1
-1
-1
-1
-1
-1
-1
-1
-1
-1
-1
-1
-1
-1
-1
-1
-1
-1
-1
-1
-1
-1
-1
-1
-1
-1
-1
-1
-1
-1
-1
-1
-1
-1
-1
-1
-1
-1
-1
-1
-1
-1
-1
-1
-1
-1
-1
-1
-1
-1
-1
-1
-1
-1
-1
-1
-1
-1
-1
-1
-1
-1
-1
-1
-1
-1
-1
-1
-1
-1
-1
-1
-1
-1
-1
-1
-1
-1
-1
-1
-1
-1
-1
-1
-1
-1
-1
-1
-1
-1
-1
-1
-1
-1
-1
-1
-1
-1
-1
-1
-1
-1
-1
-1
-1
-1
-1
-1
-1
-1
-1
-1
-1
-1
-1
-1
-1
-1
-1
-1
-1
-1
-1
-1
-1
-1
-1
-1
-1
-1
-1
-1
-1
-1
-1
-1
-1
-1
-1
-1
-1
-1
-1
-1
-1
-1
-1
-1
-1
-1
-1
-1
-1
-1
-1
-1
-1
-1
-1
-1
-1
-1
-1
-1
-1
-1
-1
-1
-1
-1
-1
-1
-1
-1
-1
-1
-1
-1
-1
-1
-1
-1
-1
-1
-1
-1
-1
-1
-1
-1
-1
-1
-1
-1
-1
-1
-1
-1
-1
-1
-1
-1
-1
-1
-1
-1
-1
-1
-1
-1
-1
-1
-1
-1
-1
-1
-1
-1
-1
-1
-1
-1
-1
-1
-1
-1
-1
-1
-1
-1
-1
-1
-1
-1
-1
-1
-1
-1
-1
-1
-1
-1
-1
-1
-1
-1
-1
-1
-1
-1
-1
-1
-1
-1
-1
-1
-1
-1
-1
-1
-1
-1
-1
-1
-1
-1
-1
-1
-1
-1
-1
-1
-1
-1
-1
-1
-1
-1
-1
-1
-1
-1
-1
-1
-1
-1
-1
-1
-1
-1
-1
-1
-1
-1
-1
-1
-1
-1
-1
-1
-1
-1
-1
-1
-1
-1
-1
-1
-1
-1
-1
-1
-1
-1
-1
-1
-1
-1
-1
-1
-1
-1
-1
-1
-1
-1
-1
-1
-1
-1
-1
-1
-1
-1
-1
-1
-1
-1
-1
-1
-1
-1
-1
-1
-1
-1
-1
-1
-1
-1
-1
-1
-1
-1
-1
-1
-1
-1
-1
-1
-1
-1
-1
-1
-1
-1
-1
-1
-1
-1
-1
-1
-1
-1
-1
-1
-1
-1
-1
-1
-1
-1
-1
-1
-1
-1
-1
-1
-1
-1
-1
-1
-1
-1
-1
-1
-1
-1
-1
-1
-1
-1
-1
-1
-1
-1
-1
-1
-1
-1
-1
-1
-1
-1
-1
-1
-1
-1
-1
-1
-1
-1
-1
-1
-1
-1
-1
-1
-1
-1
-1
-1
-1
-1
-1
-1
-1
-1
-1
-1
-1
-1
-1
-1
-1
-1
-1
-1
-1
-1
-1
-1
-1
-1
-1
-1
-1
-1
-1
-1
-1
-1
-1
-1
-1
-1
-1
-1
-1
-1
-1
-1
-1
-1
-1
-1
-1
-1
-1
-1
-1
-1
-1
-1
-1
-1
-1
-1
-1
-1
-1
-1
-1
-1
-1
-1
-1
-1
-1
-1
-1
-1
-1
-1
-1
-1
-1
-1
-1
-1
-1
-1
-1
-1
-1
-1
-1
-1
-1
-1
-1
-1
-1
-1
-1
-1
-1
-1
-1
-1
-1
-1
-1
-1
-1
-1
-1
-1
-1
-1
-1
-1
-1
-1
-1
-1
-1
-1
-1
-1
-1
-1
-1
-1
-1
-1
-1
-1
-1
-1
-1
-1
-1
-1
-1
-1
-1
-1
-1
-1
-1
-1
-1
-1
-1
-1
-1
-1
-1
-1
-1
-1
-1
-1
-1
-1
-1
-1
-1
-1
-1
-1
-1
-1
-1
-1
-1
-1
-1
-1
-1
-1
-1
-1
-1
-1
-1
-1
-1
-1
-1
-1
-1
-1
-1
-1
-1
-1
-1
-1
-1
-1
-1
-1
-1
-1
-1
-1
-1
-1
-1
-1
-1
-1
-1
-1
-1
-1
-1
-1
-1
-1
-1
-1
-1
-1
-1
-1
-1
-1
-1
-1
-1
-1
-1
-1
-1
-1
-1
-1
-1
-1
-1
-1
-1
-1
-1
-1
-1
-1
-1
-1
-1
-1
-1
-1
-1
-1
-1
-1
-1
-1
-1
-1
-1
-1
-1
-1
-1
-1
-1
-1
-1
-1
-1
-1
-1
-1
-1
-1
-1
-1
-1
-1
-1
-1
-1
-1
-1
-1
-1
-1
-1
-1
-1
-1
-1
-1
-1
-1
-1
-1
-1
-1
-1
-1
-1
-1
-1
-1
-1
-1
-1
-1
-1
-1
-1
-1
-1
-1
-1
-1
-1
-1
-1
-1
-1
-1
-1
-1
-1
-1
-1
-1
-1
-1
-1
-1
-1
-1
-1
-1
-1
-1
-1
-1
-1
-1
-1
-1
-1
-1
-1
-1
-1
-1
-1
-1
-1
-1
-1
-1
-1
-1
-1
-1
-1
-1
-1
-1
-1
-1
-1
-1
-1
-1
-1
-1
-1
-1
-1
-1
-1
-1
-1
-1
-1
-1
-1
-1
-1
-1
-1
-1
-1
-1
-1
-1
-1
-1
-1
-1
-1
-1
-1
-1
-1
-1
-1
-1
-1
-1
-1
-1
-1
-1
-1
-1
-1
-1
-1
-1
-1
-1
-1
-1
-1
-1
-1
-1
-1
-1
-1
-1
-1
-1
-1
-1
-1
-1
-1
-1
-1
-1
-1
-1
-1
-1
-1
-1
-1
-1
-1
-1
-1
-1
-1
-1
-1
-1
-1
-1
-1
-1
-1
-1
-1
-1
-1
-1
-1
-1
-1
-1
-1
-1
-1
-1
-1
-1
-1
-1
-1
-1
-1
-1
-1
-1
-1
-1
-1
-1
-1
-1
-1
-1
-1
-1
-1
-1
-1
-1
-1
-1
-1
-1
-1
-1
-1
-1
-1
-1
-1
-1
-1
-1
-1
-1
-1
-1
-1
-1
-1
-1
-1
-1
-1
-1
-1
-1
-1
-1
-1
-1
-1
-1
-1
-1
-1
-1
-1
-1
-1
-1
-1
-1
-1
-1
-1
-1
-1
-1
-1
-1
-1
-1
-1
-1
-1
-1
-1
-1
-1
-1
-1
-1
-1
-1
-1
-1
-1
-1
-1
-1
-1
-1
-1
-1
-1
-1
-1
-1
-1
-1
-1
-1
-1
-1
-1
-1
-1
-1
-1
-1
-1
-1
-1
-1
-1
-1
-1
-1
-1
-1
-1
-1
-1
-1
-1
-1
-1
-1
-1
-1
-1
-1
-1
-1
-1
-1
-1
-1
-1
-1
-1
-1
-1
-1
-1
-1
-1
-1
-1
-1
-1
-1
-1
-1
-1
-1
-1
-1
-1
-1
-1
-1
-1
-1
-1
-1
-1
-1
-1
-1
-1
-1
-1
-1
-1
-1
-1
-1
-1
-1
-1
-1
-1
-1
-1
-1
-1
-1
-1
-1
-1
-1
-1
-1
-1
-1
-1
-1
-1
-1
-1
-1
-1
-1
-1
-1
-1
-1
-1
-1
-1
-1
-1
-1
-1
-1
-1
-1
-1
-1
-1
-1
-1
-1
-1
-1
-1
-1
-1
-1
-1
-1
-1
-1
-1
-1
-1
-1
-1
-1
-1
-1
-1
-1
-1
-1
-1
-1
-1
-1
-1
-1
-1
-1
-1
-1
-1
-1
-1
-1
-1
-1
-1
-1
-1
-1
-1
-1
-1
-1
-1
-1
-1
-1
-1
-1
-1
-1
-1
-1
-1
-1
-1
-1
-1
-1
-1
-1
-1
-1
-1
-1
-1
-1
-1
-1
-1
-1
-1
-1
-1
-1
-1
-1
-1
-1
-1
-1
-1
-1
-1
-1
-1
-1
-1
-1
-1
-1
-1
-1
-1
-1
-1
-1
-1
-1
-1
-1
-1
-1
-1
-1
-1
-1
-1
-1
-1
-1
-1
-1
-1
-1
-1
-1
-1
-1
-1
-1
-1
-1
-1
-1
-1
-1
-1
-1
-1
-1
-1
-1
-1
-1
-1
-1
-1
-1
-1
-1
-1
-1
-1
-1
-1
-1
-1
-1
-1
-1
-1
-1
-1
-1
-1
-1
-1
-1
-1
-1
-1
-1
-1
-1
-1
-1
-1
-1
-1
-1
-1
-1
-1
-1
-1
-1
-1
-1
-1
-1
-1
-1
-1
-1
-1
-1
-1
-1
-1
-1
-1
-1
-1
-1
-1
-1
-1
-1
-1
-1
-1
-1
-1
-1
-1
-1
-1
-1
-1
-1
-1
-1
-1
-1
-1
-1
-1
-1
-1
-1
-1
-1
-1
-1
-1
-1
-1
-1
-1
-1
-1
-1
-1
-1
-1
-1
-1
-1
-1
-1
-1
-1
-1
-1
-1
-1
-1
-1
-1
-1
-1
-1
-1
-1
-1
-1
-1
-1
-1
-1
-1
-1
-1
-1
-1
-1
-1
-1
-1
-1
-1
-1
-1
-1
-1
-1
-1
-1
-1
-1
-1
-1
-1
-1
-1
-1
-1
-1
-1
-1
-1
-1
-1
-1
-1
-1
-1
-1
-1
-1
-1
-1
-1
-1
-1
-1
-1
-1
-1
-1
-1
-1
-1
-1
-1
-1
-1
-1
-1
-1
-1
-1
-1
-1
-1
-1
-1
-1
-1
-1
-1
-1
-1
-1
-1
-1
-1
-1
-1
-1
-1
-1
-1
-1
-1
-1
-1
-1
-1
-1
-1
-1
-1
-1
-1
-1
-1
-1
-1
-1
-1
-1
-1
-1
-1
-1
-1
-1
-1
-1
-1
-1
-1
-1
-1
-1
-1
-1
-1
-1
-1
-1
-1
-1
-1
-1
-1
-1
-1
-1
-1
-1
-1
-1
-1
-1
-1
-1
-1
-1
-1
-1
-1
-1
-1
-1
-1
-1
-1
-1
-1
-1
-1
-1
-1
-1
-1
-1
-1
-1
-1
-1
-1
-1
-1
-1
-1
-1
-1
-1
-1
-1
-1
-1
-1
-1
-1
-1
-1
-1
-1
-1
-1
-1
-1
-1
-1
-1
-1
-1
-1
-1
-1
-1
-1
-1
-1
-1
-1
-1
-1
-1
-1
-1
-1
-1
-1
-1
-1
-1
-1
-1
-1
-1
-1
-1
-1
-1
-1
-1
-1
-1
-1
-1
-1
-1
-1
-1
-1
-1
-1
-1
-1
-1
-1
-1
-1
-1
-1
-1
-1
-1
-1
-1
-1
-1
-1
-1
-1
-1
-1
-1
-1
-1
-1
-1
-1
-1
-1
-1
-1
-1
-1
-1
-1
-1
-1
-1
-1
-1
-1
-1
-1
-1
-1
-1
-1
-1
-1
-1
-1
-1
-1
-1
-1
-1
-1
-1
-1
-1
-1
-1
-1
-1
-1
-1
-1
-1
-1
-1
-1
-1
-1
-1
-1
-1
-1
-1
-1
-1
-1
-1
-1
-1
-1
-1
-1
-1
-1
-1
-1
-1
-1
-1
-1
-1
-1
-1
-1
-1
-1
-1
-1
-1
-1
-1
-1
-1
-1
-1
-1
-1
-1
-1
-1
-1
-1
-1
-1
-1
-1
-1
-1
-1
-1
-1
-1
-1
-1
-1
-1
-1
-1
-1
-1
-1
-1
-1
-1
-1
-1
-1
-1
-1
-1
-1
-1
-1
-1
-1
-1
-1
-1
-1
-1
-1
-1
-1
-1
-1
-1
-1
-1
-1
-1
-1
-1
-1
-1
-1
-1
-1
-1
-1
-1
-1
-1
-1
-1
-1
-1
-1
-1
-1
-1
-1
-1
-1
-1
-1
-1
-1
-1
-1
-1
-1
-1
-1
-1
-1
-1
-1
-1
-1
-1
-1
-1
-1
-1
-1
-1
-1
-1
-1
-1
-1
-1
-1
-1
-1
-1
-1
-1
-1
-1
-1
-1
-1
-1
-1
-1
-1
-1
-1
-1
-1
-1
-1
-1
-1
-1
-1
-1
-1
-1
-1
-1
-1
-1
-1
-1
-1
-1
-1
-1
-1
-1
-1
-1
-1
-1
-1
-1
-1
-1
-1
-1
-1
-1
-1
-1
-1
-1
-1
-1
-1
-1
-1
-1
-1
-1
-1
-1
-1
-1
-1
-1
-1
-1
-1
-1
-1
-1
-1
-1
-1
-1
-1
-1
-1
-1
-1
-1
-1
-1
-1
-1
-1
-1
-1
-1
-1
-1
-1
-1
-1
-1
-1
-1
-1
-1
-1
-1
-1
-1
-1
-1
-1
-1
-1
-1
-1
-1
-1
-1
-1
-1
-1
-1
-1
-1
-1
-1
-1
-1
-1
-1
-1
-1
-1
-1
-1
-1
-1
-1
-1
-1
-1
-1
-1
-1
-1
-1
-1
-1
-1
-1
-1
-1
-1
-1
-1
-1
-1
-1
-1
-1
-1
-1
-1
-1
-1
-1
-1
-1
-1
-1
-1
-1
-1
-1
-1
-1
-1
-1
-1
-1
-1
-1
-1
-1
-1
-1
-1
-1
-1
-1
-1
-1
-1
-1
-1
-1
-1
-1
-1
-1
-1
-1
-1
-1
-1
-1
-1
-1
-1
-1
-1
-1
-1
-1
-1
-1
-1
-1
-1
-1
-1
-1
-1
-1
-1
-1
-1
-1
-1
-1
-1
-1
-1
-1
-1
-1
-1
-1
-1
-1
-1
-1
-1
-1
-1
-1
-1
-1
-1
-1
-1
-1
-1
-1
-1
-1
-1
-1
-1
-1
-1
-1
-1
-1
-1
-1
-1
-1
-1
-1
-1
-1
-1
-1
-1
-1
-1
-1
-1
-1
-1
-1
-1
-1
-1
-1
-1
-1
-1
-1
-1
-1
-1
-1
-1
-1
-1
-1
-1
-1
-1
-1
-1
-1
-1
-1
-1
-1
-1
-1
-1
-1
-1
-1
-1
-1
-1
-1
-1
-1
-1
-1
-1
-1
-1
-1
-1
-1
-1
-1
-1
-1
-1
-1
-1
-1
-1
-1
-1
-1
-1
-1
-1
-1
-1
-1
-1
-1
-1
-1
-1
-1
-1
-1
-1
-1
-1
-1
-1
-1
-1
-1
-1
-1
-1
-1
-1
-1
-1
-1
-1
-1
-1
-1
-1
-1
-1
-1
-1
-1
-1
-1
-1
-1
-1
-1
-1
-1
-1
-1
-1
-1
-1
-1
-1
-1
-1
-1
-1
-1
-1
-1
-1
-1
-1
-1
-1
-1
-1
-1
-1
-1
-1
-1
-1
-1
-1
-1
-1
-1
-1
-1
-1
-1
-1
-1
-1
-1
-1
-1
-1
-1
-1
-1
-1
-1
-1
-1
-1
-1
-1
-1
-1
-1
-1
-1
-1
-1
-1
-1
-1
-1
-1
-1
-1
-1
-1
-1
-1
-1
-1
-1
-1
-1
-1
-1
-1
-1
-1
-1
-1
-1
-1
-1
-1
-1
-1
-1
-1
-1
-1
-1
-1
-1
-1
-1
-1
-1
-1
-1
-1
-1
-1
-1
-1
-1
-1
-1
-1
-1
-1
-1
-1
-1
-1
-1
-1
-1
-1
-1
-1
-1
-1
-1
-1
-1
-1
-1
-1
-1
-1
-1
-1
-1
-1
-1
-1
-1
-1
-1
-1
-1
-1
-1
-1
-1
-1
-1
-1
-1
-1
-1
-1
-1
-1
-1
-1
-1
-1
-1
-1
-1
-1
-1
-1
-1
-1
-1
-1
-1
-1
-1
-1
-1
-1
-1
-1
-1
-1
-1
-1
-1
-1
-1
-1
-1
-1
-1
-1
-1
-1
-1
-1
-1
-1
-1
-1
-1
-1
-1
-1
-1
-1
-1
-1
-1
-1
-1
-1
-1
-1
-1
-1
-1
-1
-1
-1
-1
-1
-1
-1
-1
-1
-1
-1
-1
-1
-1
-1
-1
-1
-1
-1
-1
-1
-1
-1
-1
-1
-1
-1
-1
-1
-1
-1
-1
-1
-1
-1
-1
-1
-1
-1
-1
-1
-1
-1
-1
-1
-1
-1
-1
-1
-1
-1
-1
-1
-1
-1
-1
-1
-1
-1
-1
-1
-1
-1
-1
-1
-1
-1
-1
-1
-1
-1
-1
-1
-1
-1
-1
-1
-1
-1
-1
-1
-1
-1
-1
-1
-1
-1
-1
-1
-1
-1
-1
-1
-1
-1
-1
-1
12429
-1
-1
-1
-1
-1
-1
-1
-1
-1
-1
-1
-1
-1
-1
-1
-1
-1
-1
-1
-1
-1
-1
-1
-1
-1
-1
-1
-1
-1
-1
-1
-1
-1
-1
-1
-1
-1
-1
-1
-1
-1
-1
-1
-1
-1
-1
-1
-1
-1
-1
-1
-1
-1
-1
-1
-1
-1
-1
-1
-1
-1
-1
-1
-1
-1
-1
-1
-1
-1
-1
-1
-1
-1
-1
-1
-1
-1
-1
-1
-1
-1
-1
-1
-1
-1
-1
-1
-1
-1
-1
-1
-1
-1
6558
-1
-1
-1
-1
-1
-1
-1
-1
-1
-1
-1
-1
-1
-1
-1
-1
-1
-1
-1
-1
-1
-1
-1
-1
-1
-1
-1
-1
-1
-1
-1
-1
-1
-1
-1
-1
-1
-1
-1
-1
-1
-1
-1
-1
-1
-1
-1
-1
-1
-1
-1
-1
-1
-1
-1
-1
-1
-1
-1
-1
-1
-1
-1
-1
-1
-1
-1
-1
-1
-1
-1
-1
-1
-1
-1
-1
-1
-1
-1
-1
-1
-1
-1
-1
-1
-1
-1
-1
-1
-1
-1
-1
-1
-1
-1
-1
-1
-1
-1
-1
-1
-1
-1
-1
-1
-1
-1
-1
-1
-1
-1
-1
-1
-1
-1
-1
-1
-1
-1
-1
-1
-1
-1
-1
-1
-1
-1
-1
-1
-1
-1
-1
-1
-1
-1
-1
-1
-1
-1
-1
-1
-1
-1
-1
-1
-1
-1
-1
-1
-1
-1
-1
-1
-1
-1
-1
-1
-1
-1
-1
-1
-1
-1
-1
-1
-1
-1
-1
-1
-1
-1
-1
-1
-1
-1
-1
-1
-1
-1
-1
-1
-1
-1
-1
-1
-1
-1
-1
-1
-1
-1
-1
-1
-1
-1
-1
-1
-1
-1
-1
-1
-1
-1
-1
-1
-1
-1
-1
-1
-1
-1
-1
-1
-1
-1
-1
-1
-1
-1
-1
-1
-1
-1
-1
-1
-1
-1
-1
-1
-1
-1
-1
-1
-1
-1
-1
-1
-1
-1
-1
-1
-1
-1
-1
-1
-1
-1
-1
-1
-1
-1
-1
-1
-1
-1
-1
-1
-1
-1
-1
-1
-1
-1
-1
-1
-1
-1
-1
-1
-1
-1
-1
-1
-1
-1
-1
-1
-1
-1
-1
-1
-1
-1
-1
-1
-1
-1
-1
-1
-1
-1
-1
-1
-1
-1
-1
-1
-1
-1
-1
-1
-1
-1
-1
-1
-1
-1
-1
-1
-1
-1
-1
-1
-1
-1
-1
-1
-1
-1
-1
-1
-1
-1
-1
-1
-1
-1
-1
-1
-1
12249
-1
-1
-1
-1
-1
-1
-1
-1
-1
-1
-1
-1
-1
-1
-1
-1
-1
-1
-1
-1
-1
-1
-1
-1
-1
-1
-1
-1
-1
-1
-1
-1
-1
-1
-1
-1
-1
-1
-1
-1
-1
-1
-1
-1
-1
-1
-1
-1
-1
-1
-1
-1
-1
-1
-1
-1
-1
-1
-1
-1
-1
-1
-1
-1
-1
-1
-1
-1
-1
-1
-1
-1
-1
-1
-1
-1
-1
-1
-1
-1
-1
-1
-1
-1
-1
-1
-1
-1
-1
-1
-1
-1
-1
-1
-1
-1
-1
-1
-1
-1
-1
-1
-1
-1
-1
-1
-1
-1
-1
-1
-1
-1
-1
-1
-1
-1
-1
-1
-1
-1
-1
-1
-1
-1
-1
-1
-1
-1
-1
-1
-1
-1
-1
-1
-1
-1
-1
-1
-1
-1
-1
-1
-1
-1
-1
-1
-1
-1
-1
-1
-1
-1
-1
-1
-1
-1
-1
-1
-1
-1
-1
-1
-1
-1
-1
-1
-1
-1
-1
-1
-1
-1
-1
-1
-1
-1
-1
-1
-1
-1
-1
-1
-1
-1
-1
-1
-1
-1
-1
-1
-1
-1
-1
-1
-1
-1
-1
-1
-1
-1
-1
-1
-1
-1
-1
-1
-1
-1
-1
-1
-1
-1
-1
-1
-1
-1
-1
-1
-1
-1
-1
-1
-1
-1
-1
-1
-1
-1
-1
-1
-1
-1
-1
-1
-1
-1
-1
-1
-1
-1
-1
-1
-1
-1
-1
-1
-1
-1
-1
-1
-1
-1
-1
-1
-1
-1
-1
-1
-1
-1
-1
-1
-1
-1
-1
-1
-1
-1
-1
-1
-1
-1
-1
-1
-1
-1
-1
-1
-1
-1
-1
-1
-1
-1
-1
-1
-1
-1
-1
-1
-1
-1
-1
-1
-1
-1
-1
-1
-1
-1
-1
-1
-1
-1
-1
-1
-1
-1
-1
-1
-1
-1
-1
-1
-1
-1
-1
-1
-1
-1
-1
-1
-1
-1
-1
-1
-1
-1
-1
-1
-1
-1
-1
-1
-1
-1
-1
-1
-1
-1
-1
-1
-1
-1
-1
-1
-1
-1
-1
-1
-1
-1
-1
-1
-1
-1
-1
-1
-1
-1
-1
-1
-1
-1
-1
-1
-1
-1
-1
-1
-1
-1
-1
-1
-1
-1
-1
-1
-1
-1
-1
-1
-1
-1
-1
-1
-1
-1
-1
-1
-1
-1
-1
-1
-1
-1
-1
-1
-1
-1
-1
-1
-1
-1
-1
-1
-1
-1
-1
-1
-1
-1
-1
-1
-1
-1
-1
-1
-1
-1
-1
-1
-1
-1
-1
-1
-1
-1
-1
-1
-1
-1
-1
-1
-1
-1
-1
-1
-1
-1
-1
-1
-1
-1
-1
-1
-1
-1
-1
-1
-1
-1
-1
-1
-1
-1
-1
-1
-1
-1
-1
-1
-1
-1
-1
-1
-1
-1
-1
-1
-1
-1
-1
-1
-1
-1
-1
-1
-1
-1
-1
-1
-1
-1
-1
-1
-1
-1
-1
-1
-1
-1
-1
-1
-1
-1
-1
-1
-1
-1
-1
-1
-1
-1
-1
-1
-1
-1
5684
-1
-1
-1
-1
-1
-1
-1
-1
-1
-1
-1
-1
-1
-1
-1
-1
-1
-1
-1
-1
-1
-1
-1
-1
-1
-1
-1
-1
-1
-1
-1
-1
-1
-1
-1
-1
-1
-1
-1
-1
-1
-1
-1
-1
-1
-1
-1
-1
-1
-1
-1
-1
-1
-1
-1
-1
-1
-1
-1
-1
-1
-1
-1
-1
-1
-1
-1
-1
-1
-1
-1
-1
-1
-1
-1
-1
-1
-1
-1
-1
-1
-1
-1
-1
-1
-1
-1
-1
-1
-1
-1
-1
-1
-1
-1
-1
-1
-1
-1
-1
-1
-1
-1
-1
-1
-1
-1
-1
-1
-1
-1
-1
-1
-1
-1
-1
-1
-1
-1
-1
-1
-1
-1
-1
-1
-1
-1
-1
-1
-1
-1
-1
-1
-1
-1
-1
-1
-1
-1
-1
-1
-1
-1
-1
-1
-1
-1
-1
-1
-1
-1
-1
-1
-1
-1
-1
-1
-1
-1
-1
-1
-1
-1
-1
-1
-1
-1
-1
-1
-1
-1
-1
-1
-1
-1
-1
-1
-1
-1
-1
-1
-1
-1
-1
-1
-1
-1
-1
-1
-1
-1
-1
-1
-1
-1
-1
-1
-1
-1
-1
-1
-1
-1
-1
-1
-1
-1
-1
-1
-1
-1
-1
-1
-1
-1
-1
-1
-1
-1
-1
-1
-1
-1
-1
-1
-1
-1
-1
-1
-1
-1
-1
-1
-1
-1
-1
-1
-1
-1
-1
-1
-1
-1
-1
-1
-1
-1
-1
-1
-1
-1
-1
-1
-1
-1
-1
-1
-1
-1
-1
-1
-1
-1
-1
-1
-1
-1
-1
-1
-1
-1
-1
-1
-1
-1
-1
-1
-1
-1
-1
-1
-1
-1
-1
-1
-1
-1
-1
-1
-1
-1
-1
-1
-1
-1
-1
-1
-1
-1
-1
-1
-1
-1
-1
-1
-1
-1
-1
-1
-1
-1
-1
-1
-1
-1
-1
-1
-1
-1
-1
-1
-1
-1
-1
-1
-1
-1
-1
-1
-1
-1
-1
-1
-1
-1
-1
-1
-1
-1
-1
-1
-1
-1
-1
-1
-1
-1
-1
-1
-1
-1
-1
-1
-1
-1
-1
-1
-1
-1
-1
-1
-1
-1
-1
-1
-1
-1
-1
-1
-1
-1
-1
-1
-1
-1
-1
-1
-1
-1
-1
-1
-1
-1
-1
-1
-1
-1
-1
-1
-1
-1
-1
-1
5703
-1
-1
-1
-1
-1
-1
-1
-1
-1
-1
-1
-1
-1
-1
-1
-1
-1
-1
-1
-1
-1
-1
-1
-1
-1
-1
-1
-1
-1
-1
-1
-1
-1
-1
-1
-1
-1
-1
-1
-1
-1
-1
-1
-1
-1
-1
-1
-1
-1
-1
-1
-1
-1
-1
-1
-1
-1
-1
-1
-1
-1
-1
-1
-1
-1
-1
-1
-1
-1
-1
-1
-1
-1
-1
-1
-1
-1
-1
-1
-1
-1
-1
-1
-1
-1
-1
-1
-1
-1
-1
-1
-1
-1
-1
-1
-1
-1
-1
-1
-1
-1
-1
-1
-1
-1
-1
-1
-1
-1
-1
-1
-1
-1
-1
-1
-1
-1
-1
-1
-1
-1
-1
-1
-1
-1
-1
-1
-1
-1
-1
-1
-1
-1
-1
-1
-1
-1
-1
-1
-1
-1
-1
5723
-1
-1
-1
-1
-1
-1
-1
-1
-1
-1
-1
-1
-1
-1
-1
-1
-1
-1
-1
-1
-1
-1
-1
-1
-1
-1
-1
-1
-1
-1
-1
-1
-1
-1
-1
-1
-1
-1
-1
-1
-1
-1
-1
-1
-1
-1
-1
-1
-1
-1
-1
-1
-1
-1
-1
-1
-1
-1
-1
-1
-1
-1
-1
-1
-1
-1
-1
-1
-1
-1
-1
-1
-1
-1
-1
-1
-1
-1
-1
-1
-1
-1
-1
-1
-1
-1
-1
-1
-1
-1
-1
-1
-1
-1
-1
-1
-1
-1
-1
-1
-1
-1
-1
-1
-1
-1
-1
-1
-1
-1
-1
-1
-1
-1
-1
-1
-1
-1
-1
-1
-1
-1
-1
-1
-1
-1
-1
-1
-1
-1
-1
-1
-1
-1
-1
-1
-1
-1
-1
-1
-1
-1
-1
-1
-1
-1
-1
-1
-1
-1
-1
-1
-1
-1
-1
-1
-1
-1
-1
-1
-1
-1
-1
-1
-1
-1
-1
-1
-1
-1
-1
-1
-1
-1
-1
-1
-1
-1
-1
-1
-1
-1
-1
-1
-1
-1
-1
-1
-1
-1
-1
-1
-1
-1
-1
-1
-1
-1
-1
-1
-1
-1
-1
-1
-1
11296
-1
-1
-1
-1
-1
-1
-1
-1
-1
-1
-1
-1
-1
-1
-1
-1
-1
-1
-1
-1
-1
-1
-1
-1
-1
-1
-1
-1
-1
-1
-1
-1
-1
-1
-1
-1
-1
-1
-1
-1
-1
-1
-1
-1
-1
-1
-1
-1
-1
-1
-1
-1
-1
-1
-1
-1
-1
-1
-1
-1
-1
6292
-1
-1
-1
-1
-1
-1
-1
-1
-1
-1
-1
-1
-1
-1
-1
-1
-1
-1
-1
-1
-1
-1
-1
-1
-1
-1
-1
-1
-1
-1
-1
-1
-1
-1
-1
-1
-1
-1
-1
-1
-1
-1
-1
-1
-1
-1
-1
-1
-1
-1
-1
-1
-1
-1
-1
-1
-1
-1
-1
-1
-1
-1
-1
-1
-1
-1
-1
-1
-1
-1
-1
-1
-1
5792
-1
-1
-1
-1
-1
-1
-1
-1
-1
-1
-1
-1
-1
-1
-1
-1
-1
-1
-1
-1
-1
-1
-1
-1
-1
6237
-1
-1
-1
-1
-1
-1
-1
-1
-1
-1
-1
-1
-1
-1
-1
-1
-1
-1
-1
-1
-1
-1
-1
-1
-1
-1
-1
5815
-1
-1
-1
-1
-1
-1
-1
-1
-1
-1
-1
-1
-1
-1
-1
-1
-1
-1
-1
-1
-1
-1
-1
-1
-1
-1
-1
-1
-1
-1
-1
-1
-1
-1
-1
-1
-1
-1
-1
-1
-1
-1
-1
-1
-1
-1
-1
-1
-1
-1
-1
-1
-1
-1
-1
-1
-1
-1
-1
-1
-1
-1
-1
-1
-1
-1
-1
-1
-1
-1
-1
-1
-1
-1
-1
-1
-1
-1
-1
-1
-1
-1
-1
-1
-1
-1
-1
-1
-1
-1
-1
-1
-1
-1
-1
-1
-1
-1
-1
-1
11032
-1
-1
-1
-1
-1
-1
-1
-1
-1
-1
-1
-1
-1
-1
-1
-1
-1
-1
-1
-1
-1
-1
-1
-1
-1
-1
-1
-1
-1
-1
-1
-1
-1
-1
-1
-1
-1
-1
-1
-1
-1
-1
-1
-1
-1
-1
-1
-1
-1
-1
-1
10649
-1
-1
-1
-1
-1
-1
-1
-1
-1
-1
-1
-1
-1
-1
-1
-1
-1
-1
-1
-1
-1
-1
-1
-1
-1
-1
-1
-1
-1
-1
-1
-1
-1
-1
-1
-1
-1
-1
-1
-1
-1
-1
-1
-1
-1
-1
-1
-1
-1
-1
-1
-1
-1
-1
-1
-1
-1
-1
-1
-1
-1
-1
-1
-1
-1
-1
-1
-1
-1
-1
-1
-1
-1
-1
-1
-1
-1
-1
-1
-1
-1
-1
-1
-1
-1
-1
-1
-1
-1
-1
-1
-1
-1
-1
-1
-1
-1
-1
-1
-1
-1
-1
-1
-1
11380
-1
-1
-1
-1
-1
-1
-1
-1
-1
-1
-1
-1
-1
-1
-1
-1
-1
-1
-1
-1
-1
-1
-1
-1
21590
-1
-1
-1
-1
-1
-1
-1
-1
-1
-1
-1
-1
-1
-1
-1
-1
-1
-1
-1
-1
-1
-1
-1
-1
-1
-1
-1
-1
-1
-1
-1
-1
-1
-1
-1
-1
-1
-1
-1
-1
-1
-1
-1
-1
-1
-1
-1
-1
-1
-1
-1
-1
10785
-1
-1
-1
-1
-1
-1
-1
-1
-1
-1
-1
-1
-1
-1
-1
-1
-1
-1
-1
-1
-1
-1
-1
-1
-1
-1
-1
-1
-1
-1
-1
-1
-1
-1
-1
-1
-1
-1
-1
-1
-1
-1
-1
-1
-1
-1
-1
-1
6249
-1
-1
-1
-1
-1
-1
-1
5688
-1
-1
-1
-1
-1
-1
-1
-1
-1
-1
-1
-1
-1
-1
-1
-1
-1
-1
-1
-1
-1
-1
-1
-1
-1
-1
-1
-1
-1
-1
-1
-1
-1
-1
-1
-1
-1
-1
-1
-1
-1
-1
-1
-1
-1
-1
-1
-1
-1
-1
-1
-1
-1
-1
-1
-1
-1
-1
-1
-1
-1
-1
-1
-1
-1
-1
-1
-1
-1
-1
-1
-1
-1
-1
-1
-1
-1
-1
-1
-1
-1
-1
-1
-1
-1
-1
-1
-1
-1
-1
-1
-1
-1
-1
-1
-1
-1
-1
-1
-1
-1
-1
-1
-1
-1
-1
-1
-1
-1
-1
-1
-1
-1
-1
-1
-1
-1
-1
-1
10935
-1
-1
-1
-1
-1
-1
-1
-1
-1
-1
-1
-1
-1
-1
-1
-1
-1
-1
-1
-1
-1
-1
-1
-1
-1
-1
-1
-1
-1
-1
-1
-1
-1
-1
-1
-1
-1
-1
-1
-1
-1
-1
-1
-1
-1
-1
-1
-1
-1
-1
-1
-1
-1
-1
-1
-1
-1
-1
-1
-1
-1
-1
-1
-1
-1
-1
-1
-1
-1
-1
-1
-1
-1
-1
-1
-1
-1
-1
-1
-1
-1
-1
-1
-1
-1
-1
-1
-1
-1
-1
-1
-1
-1
-1
-1
-1
-1
-1
-1
-1
-1
-1
-1
-1
-1
-1
-1
-1
-1
-1
-1
-1
-1
-1
-1
-1
-1
-1
-1
-1
-1
-1
-1
-1
-1
-1
-1
-1
-1
-1
-1
-1
-1
-1
-1
-1
-1
-1
-1
-1
-1
-1
-1
-1
-1
-1
-1
-1
-1
-1
-1
-1
-1
-1
-1
-1
-1
-1
-1
-1
-1
-1
-1
-1
-1
-1
-1
-1
-1
-1
-1
-1
-1
-1
-1
-1
-1
-1
-1
-1
-1
-1
-1
-1
-1
-1
-1
-1
-1
-1
-1
-1
-1
-1
-1
-1
-1
-1
-1
-1
-1
-1
-1
-1
-1
-1
-1
-1
-1
-1
-1
-1
-1
11234
-1
-1
-1
-1
-1
-1
-1
-1
-1
-1
-1
-1
-1
-1
-1
-1
-1
-1
-1
-1
-1
-1
-1
-1
-1
-1
-1
6272
-1
-1
-1
-1
-1
-1
-1
-1
-1
-1
-1
-1
-1
-1
-1
-1
-1
-1
-1
-1
-1
-1
-1
-1
11065
-1
-1
-1
-1
-1
-1
-1
-1
-1
-1
-1
-1
-1
-1
-1
-1
-1
-1
5559
-1
-1
-1
11079
-1
-1
-1
-1
-1
-1
-1
-1
-1
-1
-1
-1
-1
-1
-1
-1
-1
-1
5633
-1
-1
-1
-1
-1
-1
5186
-1
-1
-1
-1
-1
-1
-1
-1
-1
-1
-1
-1
-1
-1
-1
-1
-1
-1
-1
-1
-1
-1
-1
-1
-1
-1
-1
-1
-1
-1
-1
-1
-1
-1
-1
-1
-1
-1
-1
-1
-1
-1
-1
-1
-1
-1
-1
-1
-1
-1
-1
-1
-1
-1
-1
-1
-1
-1
-1
-1
-1
-1
-1
-1
-1
-1
-1
-1
-1
-1
-1
-1
-1
-1
-1
-1
-1
-1
-1
-1
-1
-1
-1
-1
-1
-1
-1
-1
-1
-1
-1
-1
-1
-1
-1
-1
-1
-1
-1
-1
-1
-1
-1
-1
-1
-1
-1
-1
-1
-1
-1
-1
-1
-1
-1
-1
-1
-1
-1
-1
-1
-1
-1
-1
-1
-1
-1
-1
-1
-1
-1
-1
-1
-1
-1
-1
-1
-1
-1
-1
-1
-1
-1
-1
-1
-1
-1
-1
-1
-1
-1
-1
-1
5261
-1
-1
-1
-1
-1
-1
-1
-1
-1
-1
-1
-1
-1
-1
-1
-1
-1
-1
11293
-1
-1
-1
-1
-1
-1
-1
-1
-1
-1
-1
-1
-1
-1
-1
-1
-1
-1
-1
-1
-1
-1
-1
-1
-1
-1
-1
-1
-1
-1
-1
-1
-1
-1
-1
-1
-1
-1
-1
-1
-1
-1
-1
-1
-1
-1
-1
-1
-1
-1
-1
-1
-1
-1
-1
-1
-1
-1
-1
-1
-1
-1
-1
-1
-1
-1
-1
-1
-1
-1
-1
-1
-1
-1
-1
-1
-1
-1
-1
-1
-1
-1
-1
-1
-1
-1
-1
-1
-1
11021
11517
-1
-1
-1
-1
-1
-1
-1
-1
-1
-1
-1
-1
-1
-1
-1
-1
-1
-1
-1
-1
-1
-1
-1
-1
-1
-1
-1
-1
-1
-1
-1
-1
-1
-1
-1
-1
-1
-1
-1
-1
-1
-1
-1
-1
11228
-1
-1
-1
-1
-1
-1
-1
-1
-1
-1
-1
-1
-1
-1
-1
-1
-1
-1
-1
-1
-1
-1
-1
-1
-1
-1
-1
-1
-1
-1
-1
-1
-1
-1
-1
-1
-1
-1
-1
-1
-1
-1
-1
-1
10915
-1
-1
-1
-1
-1
-1
-1
-1
-1
-1
-1
-1
-1
-1
-1
-1
-1
-1
-1
-1
-1
-1
-1
-1
-1
-1
-1
-1
-1
-1
-1
-1
-1
-1
-1
-1
-1
-1
-1
-1
-1
-1
-1
-1
-1
-1
-1
-1
-1
-1
-1
-1
-1
-1
-1
-1
-1
-1
-1
-1
-1
-1
-1
11296
10425
-1
-1
-1
-1
-1
-1
-1
-1
-1
-1
-1
-1
-1
-1
-1
-1
-1
-1
-1
-1
-1
-1
-1
-1
-1
-1
-1
21590
-1
-1
-1
-1
-1
-1
-1
-1
-1
-1
-1
-1
-1
-1
-1
-1
-1
-1
-1
-1
-1
-1
-1
-1
-1
-1
-1
-1
-1
-1
-1
-1
5744
-1
-1
-1
-1
-1
-1
-1
-1
-1
-1
-1
-1
-1
-1
-1
-1
-1
-1
-1
-1
-1
-1
-1
-1
-1
-1
-1
-1
-1
-1
-1
-1
-1
-1
-1
-1
-1
-1
-1
-1
-1
-1
-1
-1
-1
-1
-1
-1
-1
-1
-1
-1
-1
-1
-1
-1
-1
-1
-1
-1
-1
-1
-1
-1
-1
-1
-1
-1
-1
-1
-1
-1
-1
-1
-1
-1
-1
-1
-1
-1
-1
-1
-1
-1
-1
-1
-1
-1
-1
-1
-1
-1
-1
-1
-1
-1
-1
-1
-1
-1
-1
-1
-1
-1
-1
-1
-1
-1
-1
-1
-1
-1
-1
-1
-1
-1
-1
-1
-1
-1
-1
-1
-1
-1
-1
-1
-1
-1
-1
-1
-1
-1
-1
-1
-1
-1
-1
-1
-1
-1
-1
-1
-1
-1
-1
-1
-1
-1
-1
-1
-1
-1
-1
-1
-1
-1
-1
-1
-1
-1
-1
-1
-1
-1
-1
-1
-1
-1
-1
-1
-1
-1
-1
-1
-1
-1
-1
-1
-1
-1
-1
-1
-1
-1
-1
-1
-1
-1
-1
11234
-1
-1
-1
-1
-1
-1
-1
-1
-1
-1
-1
-1
-1
-1
-1
-1
-1
-1
-1
-1
-1
-1
-1
-1
-1
-1
-1
5241
-1
-1
-1
-1
-1
-1
-1
-1
-1
-1
-1
-1
-1
-1
-1
-1
-1
-1
-1
-1
-1
-1
-1
-1
-1
-1
-1
-1
-1
-1
-1
-1
-1
-1
-1
-1
-1
-1
-1
-1
-1
-1
-1
-1
-1
-1
-1
-1
-1
-1
-1
-1
-1
-1
-1
-1
-1
-1
-1
-1
-1
-1
-1
-1
-1
-1
-1
-1
-1
-1
-1
-1
-1
-1
-1
-1
-1
-1
-1
-1
-1
-1
-1
-1
-1
-1
-1
-1
-1
-1
-1
-1
-1
-1
-1
-1
-1
-1
-1
-1
-1
-1
-1
-1
-1
-1
-1
-1
-1
-1
-1
-1
-1
-1
-1
-1
-1
-1
-1
-1
-1
-1
-1
-1
-1
-1
-1
-1
-1
-1
-1
-1
-1
-1
-1
11823
-1
-1
-1
-1
-1
-1
-1
-1
-1
-1
-1
-1
-1
-1
-1
-1
-1
-1
-1
-1
-1
-1
-1
-1
-1
-1
-1
-1
-1
-1
-1
-1
-1
-1
-1
-1
-1
-1
-1
-1
-1
-1
-1
-1
-1
-1
-1
-1
-1
-1
-1
-1
-1
-1
-1
-1
-1
-1
-1
-1
-1
-1
-1
-1
-1
-1
-1
-1
-1
-1
-1
-1
-1
-1
-1
-1
-1
-1
-1
-1
-1
-1
-1
-1
-1
-1
-1
-1
-1
-1
-1
-1
-1
-1
-1
-1
-1
-1
-1
-1
-1
-1
-1
-1
-1
-1
-1
-1
-1
-1
-1
-1
-1
-1
-1
-1
-1
-1
-1
-1
-1
-1
-1
-1
-1
-1
10697
-1
-1
-1
-1
-1
-1
-1
-1
-1
-1
-1
-1
-1
-1
-1
-1
-1
-1
-1
-1
-1
-1
-1
-1
-1
11113
-1
-1
-1
-1
-1
-1
-1
-1
-1
-1
-1
-1
-1
-1
-1
-1
-1
-1
-1
-1
-1
-1
-1
-1
-1
-1
-1
-1
-1
-1
-1
-1
-1
-1
-1
-1
-1
-1
-1
-1
-1
-1
-1
-1
-1
-1
-1
-1
-1
-1
-1
-1
-1
-1
-1
-1
-1
-1
-1
-1
-1
-1
-1
-1
-1
-1
-1
-1
-1
-1
-1
-1
-1
-1
-1
-1
-1
-1
-1
11038
-1
-1
-1
-1
-1
-1
-1
-1
-1
-1
-1
-1
-1
-1
-1
-1
-1
-1
-1
-1
-1
10693
-1
-1
-1
-1
-1
-1
-1
-1
-1
-1
-1
-1
-1
-1
-1
-1
-1
-1
-1
-1
-1
-1
-1
-1
-1
-1
-1
-1
-1
-1
-1
-1
-1
-1
-1
-1
-1
-1
10863
-1
-1
-1
-1
-1
-1
-1
-1
-1
-1
-1
-1
-1
-1
-1
-1
-1
-1
-1
-1
-1
-1
-1
-1
-1
-1
-1
-1
-1
-1
-1
-1
-1
-1
-1
-1
-1
-1
-1
-1
-1
-1
-1
-1
-1
-1
-1
-1
-1
-1
-1
-1
-1
-1
-1
-1
-1
-1
-1
6543
-1
-1
-1
-1
-1
-1
-1
-1
-1
-1
-1
-1
-1
-1
-1
-1
-1
-1
-1
-1
-1
-1
-1
-1
-1
-1
-1
-1
-1
-1
-1
-1
-1
-1
-1
-1
-1
-1
-1
11517
-1
-1
-1
-1
-1
-1
-1
-1
-1
-1
-1
-1
-1
-1
-1
-1
-1
-1
-1
-1
-1
-1
-1
-1
-1
-1
-1
-1
-1
-1
-1
-1
-1
-1
-1
-1
-1
11823
-1
-1
-1
-1
-1
-1
-1
-1
-1
-1
-1
-1
-1
-1
-1
-1
-1
-1
-1
-1
-1
-1
-1
-1
-1
-1
-1
-1
-1
-1
-1
-1
-1
-1
-1
-1
5564
-1
-1
-1
-1
-1
-1
-1
-1
-1
-1
-1
-1
-1
-1
-1
-1
-1
-1
-1
-1
-1
-1
-1
-1
-1
-1
-1
-1
-1
-1
-1
-1
-1
-1
-1
-1
-1
-1
-1
-1
-1
-1
-1
-1
-1
-1
-1
-1
-1
-1
-1
-1
-1
-1
-1
-1
-1
-1
-1
-1
-1
-1
-1
-1
-1
-1
-1
-1
-1
-1
-1
-1
-1
-1
-1
-1
-1
-1
-1
-1
-1
-1
-1
-1
-1
-1
-1
-1
-1
-1
6114
-1
-1
-1
-1
-1
-1
-1
-1
-1
-1
-1
-1
-1
-1
-1
-1
-1
-1
-1
-1
-1
-1
-1
-1
-1
-1
-1
-1
-1
-1
-1
-1
-1
-1
-1
-1
-1
-1
-1
-1
-1
-1
-1
-1
-1
-1
-1
-1
-1
-1
-1
-1
-1
-1
-1
-1
-1
-1
-1
-1
-1
-1
-1
-1
-1
5721
-1
-1
-1
-1
-1
-1
-1
-1
-1
-1
-1
-1
-1
-1
-1
-1
-1
-1
-1
-1
-1
-1
-1
-1
-1
-1
6129
-1
-1
-1
-1
-1
-1
-1
-1
-1
-1
-1
-1
-1
-1
-1
-1
-1
-1
-1
-1
-1
11592
-1
-1
-1
-1
-1
-1
-1
-1
-1
-1
-1
-1
-1
-1
-1
-1
-1
-1
-1
-1
-1
-1
-1
-1
-1
-1
-1
-1
-1
11256
-1
-1
-1
-1
-1
-1
-1
-1
-1
-1
-1
-1
-1
-1
-1
-1
-1
-1
-1
-1
-1
-1
-1
-1
-1
-1
-1
-1
-1
-1
-1
-1
-1
-1
-1
-1
-1
-1
10847
-1
-1
-1
-1
-1
-1
-1
-1
-1
-1
10863
-1
-1
-1
-1
-1
-1
-1
-1
-1
-1
-1
-1
-1
-1
-1
-1
-1
-1
-1
-1
-1
-1
-1
-1
-1
-1
-1
-1
-1
-1
-1
-1
-1
-1
-1
-1
-1
-1
-1
-1
-1
-1
-1
-1
-1
-1
-1
-1
-1
-1
-1
-1
-1
-1
-1
-1
10517
-1
-1
-1
-1
-1
-1
-1
-1
-1
10963
-1
-1
-1
-1
-1
-1
-1
-1
-1
-1
-1
-1
-1
-1
-1
-1
-1
-1
-1
-1
-1
-1
-1
-1
-1
-1
-1
-1
-1
-1
-1
-1
-1
-1
6574
-1
-1
-1
-1
-1
-1
-1
-1
-1
-1
-1
-1
-1
-1
-1
-1
-1
-1
-1
-1
-1
-1
-1
-1
-1
-1
-1
-1
-1
-1
-1
-1
-1
-1
-1
-1
-1
-1
-1
-1
-1
-1
-1
-1
-1
-1
-1
-1
-1
-1
-1
-1
-1
-1
-1
-1
-1
-1
-1
-1
-1
-1
-1
-1
-1
-1
-1
-1
-1
-1
11250
-1
-1
-1
-1
-1
-1
-1
-1
-1
-1
-1
-1
-1
-1
-1
-1
-1
-1
-1
-1
-1
-1
-1
-1
-1
-1
10594
-1
-1
-1
-1
-1
-1
-1
-1
-1
-1
-1
-1
-1
-1
-1
-1
-1
-1
-1
-1
-1
-1
-1
-1
-1
-1
-1
-1
-1
-1
-1
-1
-1
-1
-1
-1
-1
-1
-1
-1
-1
-1
-1
-1
-1
-1
-1
-1
-1
-1
-1
-1
-1
-1
-1
-1
-1
-1
-1
-1
-1
-1
-1
-1
-1
-1
-1
-1
-1
-1
-1
-1
-1
-1
-1
-1
-1
-1
-1
-1
-1
-1
-1
-1
5890
-1
-1
-1
-1
-1
6146
-1
-1
-1
-1
-1
-1
-1
-1
-1
-1
-1
-1
-1
-1
-1
-1
-1
-1
-1
-1
-1
-1
-1
-1
-1
-1
-1
-1
-1
-1
-1
-1
-1
-1
-1
-1
-1
-1
-1
-1
-1
-1
-1
-1
-1
-1
-1
-1
-1
-1
-1
-1
-1
-1
-1
-1
-1
-1
-1
-1
-1
-1
-1
-1
-1
-1
-1
-1
-1
-1
-1
-1
-1
-1
-1
-1
-1
-1
-1
-1
-1
-1
-1
-1
-1
-1
-1
-1
-1
-1
-1
-1
-1
-1
-1
-1
-1
-1
-1
-1
-1
-1
-1
-1
-1
-1
-1
10496
-1
-1
-1
-1
-1
-1
-1
-1
-1
-1
-1
-1
-1
-1
-1
-1
-1
-1
-1
-1
-1
-1
-1
-1
-1
-1
-1
-1
-1
-1
-1
-1
-1
-1
-1
-1
-1
-1
-1
-1
-1
-1
-1
5976
-1
-1
-1
-1
-1
-1
-1
10396
-1
-1
-1
-1
-1
-1
-1
-1
-1
-1
-1
-1
-1
-1
-1
-1
-1
-1
-1
-1
-1
-1
-1
-1
-1
-1
-1
-1
-1
-1
-1
-1
-1
-1
-1
-1
-1
-1
-1
-1
-1
5458
-1
-1
-1
-1
-1
-1
-1
-1
-1
-1
-1
-1
-1
-1
-1
-1
-1
-1
-1
-1
-1
-1
-1
-1
-1
-1
-1
-1
-1
-1
-1
-1
-1
-1
-1
-1
-1
-1
-1
-1
-1
10096
-1
-1
-1
-1
-1
-1
-1
-1
-1
-1
-1
-1
-1
-1
-1
-1
-1
-1
-1
-1
-1
-1
-1
-1
-1
-1
-1
-1
-1
-1
-1
-1
-1
-1
15318
-1
-1
-1
-1
-1
-1
-1
-1
-1
-1
-1
-1
-1
-1
-1
-1
-1
-1
-1
-1
-1
-1
-1
-1
-1
-1
-1
-1
-1
-1
-1
-1
-1
-1
-1
-1
-1
-1
-1
-1
-1
-1
-1
-1
-1
-1
-1
-1
-1
-1
-1
-1
-1
-1
-1
-1
-1
-1
-1
-1
-1
-1
-1
-1
-1
-1
-1
-1
-1
-1
-1
-1
-1
-1
-1
-1
-1
-1
-1
-1
-1
-1
-1
-1
-1
-1
10489
-1
-1
-1
-1
-1
-1
-1
-1
-1
-1
-1
-1
-1
-1
-1
-1
-1
-1
-1
-1
-1
-1
-1
-1
-1
-1
-1
-1
-1
-1
-1
-1
-1
-1
-1
-1
-1
-1
-1
-1
-1
-1
-1
10461
-1
-1
-1
-1
-1
-1
-1
-1
-1
-1
-1
-1
-1
-1
-1
-1
-1
-1
-1
-1
-1
-1
-1
-1
-1
-1
-1
-1
6160
-1
-1
-1
-1
-1
-1
-1
-1
-1
-1
-1
-1
-1
-1
-1
-1
-1
-1
-1
-1
-1
-1
-1
-1
-1
-1
-1
-1
-1
-1
-1
-1
-1
-1
-1
-1
-1
-1
-1
-1
-1
-1
-1
-1
-1
-1
-1
-1
-1
-1
-1
-1
-1
-1
-1
-1
-1
-1
-1
-1
-1
-1
-1
-1
-1
-1
-1
-1
-1
-1
-1
-1
-1
-1
-1
-1
-1
-1
-1
-1
-1
-1
-1
-1
-1
-1
-1
-1
-1
-1
-1
11230
-1
-1
-1
-1
-1
-1
-1
-1
-1
-1
-1
-1
-1
-1
-1
-1
-1
-1
-1
-1
-1
-1
-1
-1
-1
-1
-1
-1
-1
-1
-1
-1
-1
-1
-1
-1
-1
-1
-1
-1
-1
-1
-1
-1
-1
-1
-1
-1
-1
-1
-1
6099
-1
-1
-1
-1
-1
-1
-1
-1
-1
-1
-1
-1
-1
-1
-1
-1
-1
-1
-1
-1
-1
-1
-1
-1
11021
-1
-1
-1
-1
-1
-1
-1
-1
-1
-1
-1
-1
-1
-1
-1
-1
-1
-1
-1
-1
-1
-1
-1
-1
-1
-1
-1
-1
-1
-1
-1
-1
-1
-1
-1
-1
-1
-1
-1
-1
-1
-1
-1
-1
-1
-1
-1
-1
-1
-1
-1
-1
10574
-1
-1
-1
-1
-1
-1
-1
-1
-1
-1
6064
-1
6469
-1
-1
-1
-1
-1
-1
-1
5145
-1
-1
-1
-1
-1
-1
-1
-1
-1
-1
-1
-1
-1
-1
-1
-1
10847
-1
-1
-1
-1
-1
-1
5311
-1
-1
-1
-1
-1
5229
-1
-1
-1
-1
-1
-1
-1
-1
-1
-1
-1
-1
-1
-1
-1
-1
-1
-1
-1
-1
-1
-1
-1
-1
-1
-1
-1
-1
-1
-1
-1
-1
-1
-1
-1
-1
-1
-1
-1
-1
15355
-1
-1
-1
-1
-1
-1
-1
-1
-1
5074
-1
-1
-1
-1
-1
-1
-1
-1
-1
-1
-1
-1
-1
-1
-1
-1
-1
-1
-1
-1
-1
-1
-1
-1
-1
-1
-1
-1
-1
-1
-1
10839
-1
-1
-1
-1
-1
-1
-1
-1
-1
-1
-1
-1
-1
-1
-1
-1
10921
-1
-1
-1
-1
-1
-1
-1
-1
-1
-1
-1
-1
-1
-1
-1
5761
-1
-1
-1
-1
-1
-1
-1
-1
-1
-1
-1
-1
-1
-1
-1
-1
-1
-1
-1
-1
-1
-1
-1
-1
-1
-1
5841
-1
-1
-1
-1
-1
-1
-1
-1
-1
-1
-1
-1
10817
-1
-1
-1
-1
-1
-1
-1
-1
-1
-1
-1
-1
-1
-1
-1
-1
-1
-1
-1
-1
-1
-1
-1
-1
-1
-1
-1
-1
-1
5093
-1
-1
-1
-1
10303
-1
-1
-1
-1
-1
-1
-1
-1
-1
-1
-1
-1
-1
-1
-1
-1
-1
-1
-1
-1
-1
-1
-1
-1
-1
-1
-1
-1
-1
-1
-1
-1
-1
-1
-1
-1
-1
-1
-1
-1
-1
-1
-1
-1
-1
-1
-1
-1
-1
-1
-1
-1
-1
-1
-1
-1
-1
-1
-1
-1
-1
-1
-1
-1
10719
-1
-1
-1
-1
-1
-1
-1
-1
-1
-1
-1
-1
-1
10355
10229
-1
-1
-1
-1
-1
-1
-1
-1
-1
-1
-1
-1
-1
-1
-1
-1
-1
-1
-1
-1
-1
-1
-1
-1
-1
-1
-1
-1
-1
-1
-1
-1
-1
-1
-1
-1
-1
10574
-1
-1
-1
-1
-1
-1
-1
-1
-1
-1
-1
-1
-1
-1
-1
-1
-1
-1
-1
-1
-1
-1
-1
-1
-1
-1
-1
-1
-1
-1
-1
-1
-1
-1
-1
5429
-1
-1
-1
-1
-1
-1
-1
-1
-1
-1
-1
-1
-1
-1
-1
-1
-1
10841
-1
-1
-1
-1
-1
-1
-1
-1
-1
-1
-1
-1
-1
-1
-1
-1
-1
-1
-1
-1
-1
-1
-1
-1
-1
-1
-1
-1
-1
-1
-1
-1
-1
-1
-1
-1
-1
-1
-1
5540
-1
-1
-1
-1
-1
-1
-1
-1
-1
-1
-1
-1
-1
-1
-1
-1
-1
-1
-1
-1
-1
-1
-1
-1
-1
-1
-1
-1
-1
-1
-1
-1
-1
-1
-1
-1
-1
-1
-1
-1
-1
-1
-1
-1
-1
-1
-1
-1
-1
-1
-1
-1
-1
-1
-1
-1
-1
-1
-1
-1
-1
-1
-1
-1
-1
-1
-1
-1
-1
-1
-1
-1
-1
-1
-1
-1
-1
-1
-1
-1
-1
-1
-1
-1
-1
-1
-1
6074
-1
-1
-1
-1
-1
-1
-1
-1
-1
-1
-1
-1
-1
-1
-1
-1
-1
-1
-1
-1
-1
-1
-1
-1
-1
-1
-1
-1
-1
-1
-1
-1
-1
-1
-1
-1
-1
-1
-1
-1
-1
-1
-1
-1
-1
-1
-1
-1
-1
-1
18186
-1
-1
-1
-1
-1
-1
-1
-1
-1
-1
-1
-1
-1
-1
-1
-1
-1
-1
-1
-1
-1
-1
-1
-1
-1
-1
-1
-1
-1
-1
-1
-1
-1
-1
-1
-1
-1
-1
-1
-1
-1
-1
-1
-1
-1
-1
-1
-1
-1
-1
-1
-1
-1
-1
-1
-1
-1
-1
-1
-1
-1
-1
-1
-1
-1
-1
-1
-1
-1
10644
-1
-1
-1
-1
-1
10412
-1
-1
-1
-1
-1
-1
-1
-1
-1
-1
-1
-1
-1
-1
-1
-1
-1
-1
-1
-1
-1
-1
-1
-1
-1
-1
-1
-1
-1
-1
-1
-1
-1
-1
-1
-1
-1
-1
-1
-1
-1
-1
-1
-1
-1
-1
-1
-1
-1
-1
-1
-1
-1
-1
-1
-1
-1
-1
-1
-1
-1
-1
-1
-1
-1
-1
-1
-1
-1
-1
-1
-1
-1
-1
-1
-1
-1
-1
-1
-1
-1
-1
-1
-1
9689
-1
-1
-1
-1
-1
-1
-1
-1
-1
-1
-1
-1
-1
-1
-1
-1
-1
-1
-1
-1
-1
-1
-1
-1
-1
-1
-1
-1
-1
-1
10438
-1
-1
-1
-1
-1
-1
-1
-1
-1
-1
-1
-1
-1
-1
-1
-1
-1
-1
-1
-1
-1
-1
-1
-1
4956
-1
5713
-1
-1
-1
-1
-1
-1
-1
-1
-1
-1
-1
-1
-1
-1
-1
-1
-1
-1
-1
-1
-1
-1
-1
-1
-1
-1
-1
-1
-1
-1
-1
-1
-1
-1
-1
-1
-1
-1
-1
-1
-1
-1
-1
-1
-1
-1
-1
-1
-1
-1
-1
-1
-1
-1
-1
-1
-1
-1
-1
-1
-1
-1
-1
-1
-1
-1
-1
-1
-1
-1
-1
-1
-1
-1
-1
-1
-1
-1
-1
-1
-1
-1
-1
-1
-1
-1
-1
-1
-1
-1
-1
-1
-1
-1
-1
-1
-1
-1
-1
5269
-1
-1
-1
-1
-1
-1
-1
-1
-1
-1
-1
-1
-1
-1
-1
-1
-1
-1
-1
-1
-1
-1
-1
-1
-1
-1
-1
-1
-1
-1
-1
-1
-1
-1
-1
-1
-1
-1
-1
-1
-1
-1
-1
-1
-1
-1
-1
-1
-1
-1
-1
-1
-1
-1
-1
-1
-1
-1
-1
-1
-1
-1
-1
-1
-1
-1
-1
-1
-1
-1
-1
-1
-1
-1
-1
-1
-1
-1
-1
-1
-1
-1
-1
-1
-1
-1
-1
-1
-1
-1
-1
-1
-1
-1
-1
-1
-1
-1
-1
-1
-1
-1
-1
-1
-1
-1
-1
-1
-1
-1
9755
-1
-1
-1
-1
-1
-1
-1
-1
-1
-1
-1
-1
-1
-1
-1
-1
-1
-1
-1
-1
-1
-1
-1
-1
-1
-1
-1
-1
-1
-1
-1
-1
-1
-1
-1
-1
-1
-1
10144
-1
-1
-1
-1
-1
-1
-1
-1
-1
-1
-1
-1
-1
-1
-1
-1
-1
-1
-1
10234
-1
-1
-1
-1
-1
-1
-1
-1
-1
-1
-1
-1
-1
-1
-1
-1
-1
-1
-1
-1
-1
-1
-1
-1
-1
-1
-1
-1
-1
-1
-1
-1
-1
-1
-1
-1
-1
-1
10475
-1
-1
-1
-1
-1
10323
-1
-1
-1
-1
-1
-1
-1
-1
-1
5993
-1
-1
-1
-1
-1
-1
-1
-1
-1
-1
-1
-1
5067
-1
-1
-1
-1
-1
-1
-1
-1
-1
-1
-1
-1
-1
-1
10734
-1
-1
-1
-1
-1
-1
-1
-1
-1
-1
10742
-1
-1
-1
-1
-1
-1
-1
-1
-1
-1
-1
-1
-1
-1
-1
-1
-1
-1
-1
-1
-1
-1
-1
-1
-1
-1
-1
-1
-1
-1
-1
-1
-1
-1
-1
-1
-1
-1
-1
-1
-1
-1
-1
-1
-1
-1
-1
-1
-1
-1
-1
-1
-1
-1
-1
-1
-1
-1
-1
-1
-1
-1
-1
-1
-1
-1
-1
-1
-1
-1
-1
-1
-1
-1
-1
-1
-1
-1
-1
-1
9908
-1
-1
-1
-1
-1
-1
-1
-1
-1
-1
-1
-1
-1
-1
-1
-1
-1
-1
-1
-1
-1
-1
-1
-1
-1
-1
-1
-1
-1
-1
-1
-1
-1
-1
-1
-1
-1
-1
-1
-1
-1
-1
-1
-1
-1
-1
-1
-1
-1
-1
-1
-1
-1
-1
-1
-1
-1
-1
-1
-1
-1
-1
-1
-1
-1
-1
-1
-1
-1
-1
-1
-1
-1
-1
-1
-1
-1
-1
-1
-1
-1
-1
-1
-1
10506
-1
-1
-1
-1
-1
-1
-1
-1
-1
-1
-1
-1
10246
-1
5056
-1
10647
-1
-1
-1
-1
-1
-1
-1
-1
-1
-1
-1
-1
-1
-1
-1
-1
-1
-1
-1
-1
-1
-1
-1
9702
-1
-1
-1
-1
-1
-1
-1
-1
-1
-1
-1
-1
-1
-1
-1
-1
-1
-1
-1
-1
-1
-1
-1
-1
9964
-1
-1
-1
-1
-1
-1
-1
-1
15629
-1
-1
-1
-1
-1
-1
-1
-1
-1
-1
-1
-1
-1
-1
-1
-1
-1
-1
-1
-1
-1
-1
-1
-1
-1
-1
-1
-1
-1
-1
-1
-1
-1
-1
-1
-1
-1
-1
-1
-1
-1
-1
-1
-1
-1
-1
-1
-1
-1
-1
-1
-1
-1
-1
-1
-1
-1
-1
-1
5611
-1
9603
-1
-1
-1
-1
-1
-1
-1
-1
-1
-1
-1
-1
-1
-1
-1
-1
-1
-1
20399
-1
-1
-1
-1
-1
-1
-1
-1
-1
-1
-1
-1
5500
-1
-1
-1
-1
-1
-1
9404
-1
-1
-1
-1
-1
-1
-1
-1
-1
-1
-1
-1
-1
-1
-1
-1
-1
-1
-1
-1
-1
-1
-1
-1
-1
-1
-1
-1
-1
10137
-1
-1
-1
-1
-1
-1
-1
-1
-1
-1
-1
-1
-1
-1
-1
-1
-1
-1
-1
-1
-1
-1
-1
10324
-1
-1
-1
-1
-1
-1
-1
-1
-1
-1
-1
-1
-1
-1
-1
-1
-1
-1
-1
-1
-1
-1
-1
-1
-1
-1
-1
-1
-1
-1
-1
-1
-1
-1
-1
-1
-1
-1
-1
-1
-1
-1
-1
-1
6331
-1
-1
-1
-1
-1
-1
-1
-1
-1
5019
-1
10300
-1
-1
-1
-1
-1
-1
-1
-1
-1
-1
-1
-1
-1
-1
-1
-1
-1
5770
-1
-1
-1
-1
-1
-1
-1
-1
-1
-1
-1
-1
-1
-1
-1
-1
-1
-1
-1
-1
-1
-1
-1
-1
-1
-1
-1
-1
10803
-1
-1
-1
-1
-1
-1
-1
-1
-1
-1
-1
-1
-1
-1
-1
-1
-1
-1
-1
-1
-1
-1
-1
-1
-1
-1
-1
-1
-1
-1
-1
-1
-1
-1
-1
-1
-1
-1
-1
-1
-1
-1
-1
-1
-1
-1
-1
-1
-1
-1
10111
-1
-1
-1
-1
-1
-1
-1
-1
-1
-1
-1
-1
-1
-1
-1
-1
-1
-1
-1
10219
-1
-1
-1
-1
-1
-1
-1
-1
-1
-1
-1
-1
-1
-1
-1
-1
-1
-1
-1
-1
-1
-1
10567
-1
-1
-1
-1
-1
-1
-1
-1
-1
-1
-1
-1
-1
-1
-1
-1
-1
-1
-1
-1
-1
-1
-1
-1
-1
-1
-1
-1
-1
-1
-1
-1
-1
-1
-1
-1
-1
-1
-1
-1
-1
-1
-1
-1
-1
-1
-1
-1
-1
-1
-1
9459
-1
-1
-1
-1
-1
-1
-1
-1
-1
-1
-1
-1
-1
-1
-1
-1
-1
-1
-1
-1
-1
-1
-1
-1
-1
-1
-1
-1
-1
-1
-1
-1
-1
-1
-1
-1
-1
-1
-1
-1
-1
-1
-1
-1
-1
-1
-1
10144
-1
-1
-1
-1
-1
5362
-1
-1
-1
-1
-1
-1
-1
-1
-1
-1
-1
-1
-1
-1
-1
10319
-1
10073
-1
-1
-1
-1
-1
-1
-1
-1
-1
-1
-1
-1
-1
-1
-1
-1
-1
-1
-1
-1
-1
-1
-1
-1
-1
-1
-1
-1
-1
-1
-1
-1
-1
-1
-1
-1
-1
-1
-1
-1
-1
-1
-1
-1
-1
-1
-1
5145
-1
-1
-1
-1
-1
-1
-1
-1
-1
-1
-1
-1
-1
-1
-1
-1
-1
-1
-1
-1
-1
-1
-1
-1
-1
-1
-1
-1
-1
-1
5827
-1
9976
-1
-1
-1
-1
-1
-1
-1
-1
-1
-1
-1
-1
-1
-1
-1
-1
-1
-1
-1
-1
-1
-1
-1
-1
-1
-1
-1
-1
-1
-1
-1
-1
-1
-1
-1
10377
-1
-1
-1
10343
-1
-1
-1
-1
-1
-1
-1
-1
-1
-1
-1
-1
-1
-1
-1
-1
5370
5947
-1
-1
-1
-1
-1
-1
-1
-1
-1
-1
-1
-1
-1
-1
-1
-1
-1
-1
-1
10217
-1
-1
-1
-1
-1
-1
-1
-1
-1
-1
-1
-1
-1
-1
-1
-1
-1
-1
-1
-1
-1
-1
-1
-1
-1
-1
-1
-1
-1
-1
-1
-1
-1
-1
-1
-1
-1
-1
-1
-1
-1
-1
-1
-1
-1
-1
-1
-1
-1
-1
-1
-1
-1
-1
-1
-1
-1
-1
-1
-1
-1
-1
-1
10416
-1
-1
-1
-1
-1
-1
-1
-1
-1
-1
-1
-1
-1
-1
-1
-1
-1
-1
-1
-1
-1
-1
-1
-1
-1
-1
-1
-1
-1
4779
-1
-1
-1
-1
-1
-1
-1
-1
-1
-1
-1
-1
-1
-1
-1
-1
-1
-1
-1
-1
-1
-1
-1
-1
-1
-1
-1
10259
-1
-1
-1
-1
-1
-1
-1
-1
-1
-1
-1
-1
-1
-1
-1
-1
-1
-1
-1
-1
-1
-1
-1
-1
5500
-1
5192
-1
-1
-1
-1
-1
-1
-1
-1
-1
-1
-1
-1
-1
-1
-1
-1
-1
-1
-1
-1
-1
-1
-1
10287
-1
-1
-1
-1
-1
-1
-1
-1
-1
-1
-1
-1
-1
-1
-1
5174
10264
-1
-1
-1
-1
-1
-1
-1
-1
-1
-1
-1
-1
-1
-1
-1
-1
-1
-1
-1
-1
21660
-1
-1
-1
-1
-1
-1
-1
-1
-1
-1
-1
-1
-1
-1
-1
-1
-1
-1
-1
-1
-1
5486
-1
-1
-1
-1
-1
-1
-1
-1
-1
-1
-1
-1
-1
-1
-1
-1
-1
-1
-1
-1
-1
-1
-1
-1
-1
-1
-1
-1
-1
-1
-1
-1
-1
-1
-1
-1
-1
-1
-1
-1
-1
-1
-1
-1
-1
-1
-1
-1
-1
-1
-1
-1
9897
-1
-1
-1
-1
-1
10608
-1
-1
-1
-1
-1
-1
-1
6608
-1
-1
-1
-1
-1
-1
10300
-1
-1
-1
-1
10223
-1
-1
-1
-1
-1
-1
-1
-1
-1
-1
-1
-1
-1
-1
-1
-1
-1
-1
-1
-1
-1
-1
-1
-1
-1
-1
-1
-1
-1
-1
-1
-1
-1
9388
-1
-1
-1
-1
-1
-1
-1
-1
-1
-1
-1
-1
-1
-1
-1
-1
-1
-1
-1
-1
9930
-1
-1
-1
-1
-1
-1
-1
-1
-1
-1
-1
-1
-1
-1
-1
-1
-1
-1
-1
-1
-1
-1
-1
-1
-1
-1
-1
-1
-1
-1
-1
-1
-1
-1
-1
-1
-1
-1
-1
-1
-1
-1
-1
-1
-1
-1
-1
-1
-1
-1
-1
-1
-1
-1
-1
-1
-1
-1
-1
-1
-1
-1
-1
-1
10370
-1
-1
-1
-1
-1
-1
-1
4922
-1
-1
-1
-1
-1
-1
-1
9580
-1
-1
-1
-1
-1
-1
-1
-1
-1
-1
-1
-1
-1
9616
-1
-1
-1
-1
-1
-1
-1
-1
-1
-1
-1
-1
-1
-1
9584
-1
-1
-1
-1
-1
-1
-1
-1
-1
-1
-1
-1
-1
-1
-1
-1
-1
-1
-1
-1
-1
-1
-1
9504
-1
-1
-1
-1
-1
-1
-1
-1
-1
-1
-1
-1
-1
-1
-1
-1
-1
-1
-1
-1
-1
-1
-1
-1
-1
-1
-1
-1
-1
-1
-1
-1
-1
-1
-1
-1
-1
-1
10109
-1
-1
-1
-1
-1
-1
-1
-1
-1
-1
-1
-1
-1
-1
-1
-1
-1
-1
10177
-1
-1
-1
-1
-1
-1
-1
-1
-1
-1
-1
-1
-1
-1
-1
-1
-1
-1
-1
-1
-1
-1
-1
-1
-1
-1
-1
-1
-1
-1
-1
-1
-1
-1
-1
-1
-1
-1
-1
9658
-1
-1
-1
-1
-1
-1
-1
-1
-1
-1
-1
-1
-1
-1
-1
-1
-1
-1
10319
-1
-1
-1
-1
-1
-1
-1
-1
-1
-1
-1
9878
-1
-1
9832
-1
-1
-1
-1
-1
-1
-1
-1
-1
-1
-1
-1
-1
-1
-1
-1
-1
-1
-1
-1
-1
-1
-1
-1
-1
-1
-1
-1
-1
-1
-1
-1
-1
-1
-1
-1
-1
-1
-1
-1
-1
-1
-1
-1
-1
-1
-1
-1
-1
-1
-1
9820
-1
-1
-1
-1
-1
-1
-1
-1
-1
-1
-1
-1
-1
-1
-1
-1
-1
-1
-1
-1
-1
-1
-1
-1
-1
4998
-1
-1
-1
-1
-1
-1
-1
-1
-1
-1
-1
-1
-1
-1
-1
-1
-1
-1
-1
10693
-1
-1
-1
-1
-1
-1
-1
-1
9482
-1
-1
-1
-1
-1
-1
-1
-1
-1
-1
-1
9938
-1
-1
-1
9526
-1
-1
-1
-1
-1
-1
-1
-1
-1
-1
-1
-1
-1
-1
-1
-1
-1
-1
-1
-1
-1
-1
-1
-1
-1
-1
-1
-1
-1
-1
-1
-1
-1
-1
-1
-1
-1
-1
-1
-1
-1
-1
9820
-1
-1
-1
-1
-1
-1
-1
-1
-1
-1
-1
-1
-1
-1
-1
-1
-1
-1
-1
-1
-1
-1
-1
-1
-1
-1
-1
-1
-1
-1
-1
-1
-1
-1
-1
9532
-1
-1
-1
-1
-1
-1
-1
-1
-1
-1
9534
-1
-1
-1
-1
-1
-1
-1
-1
-1
-1
-1
-1
-1
-1
-1
-1
-1
-1
-1
-1
-1
-1
-1
-1
-1
-1
-1
-1
-1
-1
-1
-1
-1
-1
-1
-1
-1
-1
-1
-1
-1
-1
-1
-1
-1
-1
-1
-1
-1
-1
-1
-1
-1
-1
-1
-1
-1
-1
-1
-1
-1
-1
-1
-1
-1
-1
-1
-1
-1
-1
-1
-1
-1
-1
-1
-1
-1
-1
-1
-1
-1
-1
-1
-1
-1
-1
-1
-1
-1
-1
-1
-1
-1
-1
-1
-1
-1
-1
-1
-1
-1
-1
-1
-1
-1
6024
-1
-1
-1
-1
-1
-1
-1
5181
-1
-1
-1
-1
-1
-1
-1
-1
-1
-1
-1
-1
-1
-1
-1
-1
-1
-1
-1
-1
-1
6099
-1
-1
-1
-1
-1
-1
-1
-1
-1
-1
-1
-1
-1
-1
-1
-1
-1
-1
-1
-1
-1
-1
-1
-1
-1
-1
-1
-1
-1
-1
4699
-1
-1
-1
-1
-1
-1
-1
-1
-1
-1
-1
-1
-1
-1
-1
-1
-1
-1
-1
-1
-1
-1
-1
-1
-1
-1
-1
-1
-1
-1
-1
-1
-1
-1
-1
-1
-1
-1
9392
-1
-1
-1
-1
-1
-1
-1
-1
5616
-1
-1
-1
-1
-1
-1
-1
-1
-1
-1
-1
-1
9619
-1
-1
-1
-1
-1
-1
-1
-1
-1
-1
-1
-1
9368
-1
-1
-1
-1
10416
-1
-1
-1
-1
-1
-1
-1
-1
-1
-1
-1
9398
-1
-1
10319
-1
-1
-1
-1
-1
-1
-1
-1
-1
-1
-1
-1
-1
-1
-1
-1
-1
-1
-1
-1
-1
-1
-1
-1
-1
-1
-1
-1
-1
-1
-1
-1
-1
-1
-1
-1
5556
-1
-1
-1
-1
-1
-1
-1
-1
-1
-1
4744
-1
-1
-1
-1
9692
-1
-1
-1
-1
-1
-1
-1
-1
-1
-1
-1
-1
-1
-1
-1
-1
-1
-1
-1
-1
-1
-1
-1
-1
-1
-1
4672
-1
-1
-1
-1
-1
-1
-1
-1
5891
-1
-1
-1
-1
-1
-1
-1
-1
-1
-1
5449
-1
-1
-1
-1
-1
-1
-1
-1
-1
-1
-1
-1
-1
-1
-1
-1
-1
-1
-1
-1
-1
-1
-1
-1
-1
-1
-1
-1
-1
-1
-1
-1
-1
-1
-1
-1
-1
-1
-1
-1
-1
-1
-1
-1
-1
-1
-1
-1
-1
-1
-1
-1
-1
-1
-1
-1
-1
-1
-1
-1
5552
-1
-1
-1
-1
-1
-1
-1
-1
-1
-1
-1
-1
-1
-1
-1
-1
-1
-1
-1
-1
-1
-1
-1
9972
-1
-1
-1
-1
-1
10032
-1
-1
-1
-1
-1
-1
-1
-1
-1
-1
-1
-1
-1
-1
-1
-1
-1
-1
-1
-1
-1
-1
-1
-1
-1
-1
-1
-1
-1
-1
-1
-1
-1
-1
-1
-1
-1
-1
-1
-1
-1
-1
-1
-1
-1
-1
-1
-1
-1
-1
-1
-1
-1
-1
-1
4945
-1
-1
-1
-1
-1
-1
-1
-1
-1
-1
-1
-1
-1
-1
-1
-1
-1
-1
-1
-1
-1
-1
-1
-1
-1
-1
-1
-1
-1
-1
-1
-1
-1
-1
-1
-1
-1
10623
-1
-1
-1
-1
-1
-1
-1
-1
-1
-1
-1
-1
-1
-1
-1
-1
-1
-1
-1
-1
-1
-1
-1
-1
-1
-1
-1
-1
-1
-1
-1
-1
-1
-1
-1
-1
-1
-1
-1
-1
-1
-1
-1
-1
-1
-1
-1
-1
-1
-1
-1
-1
-1
-1
-1
-1
9882
-1
-1
-1
-1
-1
-1
-1
-1
-1
-1
10010
-1
-1
10543
-1
-1
-1
-1
-1
-1
-1
-1
-1
-1
-1
-1
-1
-1
-1
-1
-1
-1
-1
-1
-1
-1
-1
5440
-1
-1
-1
-1
-1
-1
-1
-1
-1
15780
-1
-1
-1
-1
-1
-1
-1
-1
-1
-1
-1
10236
-1
9710
-1
-1
-1
-1
-1
-1
-1
-1
-1
-1
-1
-1
-1
-1
-1
-1
-1
-1
9379
-1
-1
-1
-1
-1
-1
-1
-1
-1
-1
-1
9861
-1
-1
-1
-1
-1
-1
-1
-1
-1
-1
-1
-1
-1
-1
-1
-1
-1
-1
-1
-1
-1
-1
-1
-1
-1
-1
-1
-1
-1
-1
-1
-1
-1
-1
-1
-1
-1
-1
-1
-1
-1
-1
5186
-1
-1
-1
-1
-1
-1
-1
-1
-1
-1
-1
-1
-1
-1
-1
-1
-1
-1
5179
-1
-1
-1
-1
-1
-1
-1
-1
-1
-1
-1
-1
-1
-1
-1
-1
-1
-1
-1
-1
-1
-1
-1
-1
-1
-1
-1
-1
-1
-1
10140
-1
-1
-1
-1
-1
-1
-1
-1
-1
-1
-1
-1
-1
-1
-1
-1
-1
-1
-1
-1
-1
-1
-1
-1
-1
-1
-1
-1
-1
-1
-1
-1
-1
-1
5409
-1
-1
-1
-1
-1
-1
-1
-1
-1
-1
-1
-1
-1
-1
-1
-1
-1
-1
-1
-1
-1
-1
-1
-1
-1
9946
-1
-1
-1
-1
-1
5559
-1
-1
-1
-1
9585
-1
-1
-1
-1
-1
-1
-1
-1
-1
-1
-1
-1
-1
-1
-1
-1
-1
-1
-1
-1
-1
-1
-1
-1
-1
-1
-1
-1
-1
-1
-1
-1
-1
-1
-1
-1
-1
-1
-1
-1
-1
-1
-1
-1
-1
-1
-1
-1
-1
-1
-1
-1
-1
-1
-1
-1
-1
-1
-1
-1
-1
-1
-1
-1
-1
-1
-1
-1
-1
-1
-1
-1
-1
9809
-1
-1
-1
-1
-1
-1
-1
-1
-1
-1
-1
-1
-1
-1
-1
-1
-1
-1
-1
-1
-1
10212
-1
-1
-1
-1
-1
-1
-1
-1
-1
-1
-1
-1
-1
-1
-1
-1
-1
-1
-1
-1
-1
-1
-1
-1
4884
-1
-1
-1
-1
9769
-1
-1
-1
-1
-1
-1
-1
-1
-1
-1
-1
-1
-1
-1
-1
-1
-1
-1
-1
-1
-1
-1
-1
-1
-1
-1
-1
-1
5447
-1
-1
-1
-1
-1
-1
-1
-1
-1
-1
-1
-1
-1
-1
-1
-1
-1
-1
-1
-1
-1
-1
-1
-1
-1
-1
-1
-1
-1
-1
-1
-1
-1
-1
-1
-1
-1
-1
-1
-1
-1
-1
-1
-1
-1
-1
-1
9882
-1
-1
-1
-1
-1
-1
-1
-1
-1
-1
-1
-1
9778
-1
-1
-1
-1
-1
-1
-1
-1
-1
-1
-1
-1
-1
-1
-1
-1
-1
-1
-1
-1
-1
-1
-1
-1
-1
-1
-1
-1
-1
-1
-1
-1
10097
-1
-1
-1
10277
-1
-1
5947
-1
-1
-1
-1
-1
-1
-1
-1
-1
-1
-1
-1
15452
-1
-1
-1
-1
-1
-1
-1
-1
-1
-1
-1
-1
-1
-1
-1
-1
-1
-1
-1
-1
-1
-1
-1
-1
-1
-1
-1
-1
-1
-1
10050
-1
-1
-1
-1
-1
-1
-1
-1
-1
-1
-1
-1
-1
-1
-1
-1
-1
-1
-1
-1
-1
-1
6091
-1
-1
6020
-1
-1
-1
-1
-1
-1
5034
-1
-1
-1
-1
-1
-1
-1
-1
-1
-1
-1
-1
-1
-1
-1
-1
-1
-1
-1
-1
-1
-1
-1
-1
-1
-1
-1
-1
-1
10042
-1
-1
-1
-1
-1
-1
-1
-1
-1
-1
5986
-1
-1
-1
-1
-1
-1
-1
-1
-1
-1
-1
-1
-1
-1
-1
-1
-1
-1
-1
-1
-1
10021
-1
5933
-1
-1
-1
-1
-1
-1
-1
-1
-1
-1
-1
-1
-1
-1
-1
-1
-1
-1
-1
-1
-1
-1
9806
-1
-1
-1
-1
-1
-1
-1
-1
-1
-1
-1
9873
-1
-1
-1
-1
-1
-1
-1
-1
-1
-1
-1
-1
-1
-1
-1
-1
-1
-1
-1
-1
-1
-1
-1
-1
-1
-1
-1
-1
-1
-1
-1
-1
-1
-1
-1
-1
-1
-1
-1
-1
-1
-1
-1
-1
-1
-1
-1
-1
-1
-1
-1
-1
-1
-1
-1
-1
-1
-1
-1
-1
-1
-1
-1
9717
-1
-1
-1
-1
-1
-1
-1
-1
-1
9534
-1
-1
-1
-1
-1
-1
9770
-1
-1
-1
-1
9670
-1
-1
-1
-1
-1
-1
10351
-1
-1
5333
-1
-1
-1
-1
-1
-1
-1
-1
-1
-1
-1
-1
-1
-1
-1
-1
-1
9256
-1
-1
-1
-1
-1
-1
-1
-1
-1
-1
-1
-1
-1
-1
-1
-1
9722
-1
-1
-1
-1
-1
-1
-1
-1
-1
-1
-1
-1
-1
-1
-1
-1
-1
-1
-1
6002
-1
-1
-1
-1
-1
9502
-1
-1
9294
-1
-1
-1
9020
-1
-1
-1
-1
9365
-1
-1
-1
-1
-1
-1
-1
-1
-1
-1
-1
-1
-1
-1
-1
-1
-1
-1
-1
-1
-1
-1
-1
-1
-1
-1
9650
-1
-1
-1
-1
-1
-1
9328
4426
-1
-1
-1
-1
-1
-1
-1
-1
-1
-1
-1
-1
-1
-1
-1
-1
-1
-1
9216
9478
6129
-1
9548
-1
-1
-1
-1
-1
-1
-1
-1
-1
-1
-1
-1
-1
-1
-1
-1
-1
-1
-1
-1
5305
-1
9544
-1
-1
-1
-1
4947
-1
-1
-1
-1
-1
-1
-1
-1
-1
-1
-1
-1
-1
-1
-1
9537
9544
-1
-1
-1
-1
-1
-1
-1
-1
-1
-1
9224
-1
-1
-1
14092
-1
-1
10563
-1
-1
-1
-1
-1
5885
-1
-1
-1
-1
-1
-1
-1
-1
-1
-1
-1
-1
-1
-1
-1
-1
-1
-1
-1
-1
-1
-1
-1
-1
-1
-1
-1
-1
-1
-1
-1
-1
9981
-1
-1
-1
-1
-1
-1
-1
-1
-1
-1
-1
-1
-1
16170
-1
-1
-1
5361
-1
-1
-1
-1
-1
-1
5357
-1
-1
-1
-1
-1
-1
-1
-1
-1
-1
-1
-1
-1
10002
5056
-1
-1
-1
-1
-1
-1
-1
-1
-1
-1
-1
-1
-1
-1
-1
-1
-1
9062
-1
-1
-1
-1
-1
-1
-1
-1
6099
-1
-1
-1
-1
-1
-1
-1
-1
-1
-1
-1
-1
-1
-1
-1
-1
-1
9066
-1
-1
-1
-1
-1
-1
-1
-1
-1
-1
-1
-1
-1
-1
-1
-1
-1
-1
-1
-1
-1
-1
-1
-1
-1
-1
-1
-1
-1
-1
-1
-1
-1
-1
-1
-1
-1
18617
-1
-1
-1
-1
-1
-1
-1
-1
-1
-1
-1
-1
-1
-1
-1
-1
-1
-1
-1
-1
-1
-1
-1
-1
-1
-1
-1
-1
-1
-1
-1
-1
-1
-1
-1
9582
-1
9169
-1
-1
-1
-1
-1
-1
-1
-1
-1
-1
-1
-1
5537
-1
-1
-1
-1
-1
-1
-1
-1
-1
-1
-1
10250
-1
-1
-1
-1
-1
-1
-1
4826
-1
-1
-1
-1
-1
-1
-1
-1
-1
-1
-1
-1
-1
-1
-1
-1
-1
-1
-1
-1
-1
-1
-1
-1
-1
-1
-1
-1
-1
-1
-1
-1
-1
-1
-1
-1
-1
-1
-1
-1
-1
-1
-1
-1
-1
-1
-1
-1
-1
-1
-1
-1
-1
-1
-1
-1
-1
15782
-1
4941
-1
9480
-1
-1
9995
-1
-1
-1
-1
-1
-1
-1
-1
-1
-1
-1
-1
-1
-1
-1
-1
-1
-1
-1
-1
-1
-1
-1
-1
-1
-1
-1
-1
-1
5126
-1
-1
-1
-1
-1
-1
-1
-1
-1
-1
-1
-1
-1
-1
-1
4860
-1
-1
5656
-1
-1
-1
-1
-1
-1
-1
-1
-1
-1
-1
-1
-1
-1
-1
8663
-1
-1
-1
-1
-1
-1
-1
-1
-1
-1
-1
-1
-1
-1
-1
-1
-1
-1
-1
-1
-1
-1
-1
-1
-1
-1
-1
-1
5770
-1
-1
-1
-1
-1
-1
-1
-1
-1
-1
-1
-1
-1
-1
-1
-1
-1
-1
-1
-1
-1
-1
-1
-1
-1
-1
-1
-1
-1
-1
-1
-1
-1
-1
-1
-1
-1
-1
-1
-1
-1
-1
-1
-1
-1
-1
-1
-1
-1
-1
-1
-1
-1
-1
-1
-1
-1
-1
-1
-1
-1
-1
-1
-1
-1
-1
-1
-1
-1
-1
9559
-1
-1
-1
-1
-1
-1
-1
-1
-1
-1
9133
5474
-1
-1
-1
-1
-1
-1
-1
-1
-1
-1
-1
-1
-1
-1
9587
-1
-1
-1
-1
-1
-1
-1
10421
-1
-1
-1
-1
-1
-1
-1
-1
-1
-1
-1
-1
-1
-1
-1
10324
-1
-1
-1
-1
-1
-1
-1
-1
-1
-1
-1
-1
-1
-1
-1
-1
-1
-1
-1
-1
-1
9585
-1
-1
-1
-1
5048
-1
-1
-1
-1
-1
-1
-1
-1
10296
-1
10175
-1
-1
-1
9294
-1
-1
-1
-1
4480
-1
-1
-1
-1
-1
-1
-1
-1
-1
-1
-1
-1
-1
-1
-1
-1
-1
-1
-1
-1
-1
-1
-1
-1
-1
-1
-1
9643
-1
-1
-1
-1
-1
-1
-1
-1
-1
-1
-1
-1
-1
-1
-1
-1
-1
-1
10018
-1
-1
-1
-1
-1
-1
-1
-1
-1
-1
-1
-1
-1
-1
-1
-1
-1
-1
-1
-1
-1
-1
-1
-1
-1
9361
-1
-1
-1
-1
-1
-1
-1
-1
-1
-1
-1
-1
-1
-1
-1
-1
-1
-1
-1
-1
-1
-1
-1
-1
-1
9476
-1
-1
-1
-1
-1
-1
-1
-1
-1
-1
-1
-1
-1
-1
-1
-1
9750
-1
-1
-1
-1
-1
-1
-1
-1
-1
-1
-1
-1
-1
-1
-1
-1
-1
-1
-1
-1
-1
-1
-1
-1
-1
-1
-1
-1
-1
-1
-1
-1
-1
-1
5070
-1
-1
-1
-1
-1
-1
-1
-1
-1
-1
-1
-1
9355
-1
-1
-1
5018
-1
-1
-1
-1
-1
-1
5305
-1
-1
-1
-1
-1
-1
-1
-1
-1
-1
-1
-1
-1
-1
-1
-1
-1
-1
-1
-1
-1
-1
-1
-1
-1
-1
-1
-1
5765
-1
-1
-1
-1
-1
-1
-1
-1
-1
-1
-1
-1
-1
-1
-1
-1
-1
-1
-1
-1
10450
-1
-1
-1
-1
-1
-1
-1
-1
-1
-1
9642
-1
-1
-1
-1
-1
-1
-1
-1
-1
-1
-1
-1
-1
-1
-1
-1
-1
-1
-1
-1
-1
-1
-1
-1
-1
-1
-1
-1
-1
-1
-1
-1
-1
-1
-1
-1
-1
-1
-1
-1
-1
-1
-1
-1
-1
4335
-1
-1
-1
-1
-1
-1
-1
-1
-1
-1
-1
-1
-1
-1
-1
-1
-1
-1
-1
-1
-1
-1
-1
-1
-1
9908
-1
-1
-1
-1
-1
-1
-1
-1
-1
-1
-1
-1
-1
9433
-1
9386
-1
-1
-1
-1
-1
-1
-1
-1
-1
-1
-1
-1
-1
-1
-1
-1
-1
-1
-1
-1
-1
-1
-1
-1
-1
-1
-1
-1
-1
-1
-1
-1
-1
-1
-1
-1
-1
-1
-1
-1
-1
-1
-1
-1
-1
-1
-1
-1
-1
-1
-1
-1
-1
-1
-1
-1
-1
-1
-1
-1
-1
-1
9307
-1
-1
-1
-1
-1
-1
-1
-1
-1
-1
-1
-1
-1
-1
-1
-1
-1
-1
-1
-1
-1
-1
-1
-1
-1
-1
-1
-1
-1
-1
-1
-1
-1
-1
-1
-1
-1
-1
9215
-1
9588
-1
-1
-1
-1
-1
-1
-1
-1
-1
-1
-1
-1
-1
-1
-1
-1
-1
-1
-1
-1
-1
-1
-1
-1
-1
-1
-1
-1
-1
-1
-1
-1
-1
-1
-1
-1
9073
-1
-1
-1
-1
-1
5156
10024
-1
-1
-1
-1
-1
5980
-1
-1
-1
-1
-1
-1
5404
-1
-1
-1
-1
-1
-1
-1
-1
-1
-1
-1
-1
-1
-1
-1
-1
9196
-1
-1
-1
-1
-1
-1
-1
-1
-1
-1
-1
-1
-1
-1
-1
-1
-1
-1
4823
-1
-1
-1
-1
10227
-1
-1
-1
-1
-1
-1
-1
-1
-1
-1
-1
-1
-1
-1
-1
-1
-1
-1
-1
-1
-1
-1
9559
-1
-1
-1
-1
-1
-1
-1
-1
-1
-1
-1
-1
-1
-1
-1
-1
-1
-1
-1
-1
-1
-1
5249
-1
-1
-1
-1
-1
-1
-1
-1
-1
-1
-1
-1
-1
-1
-1
-1
-1
-1
-1
-1
-1
-1
-1
-1
-1
-1
-1
-1
-1
-1
-1
-1
-1
-1
-1
-1
-1
-1
9533
-1
-1
-1
-1
-1
-1
-1
-1
-1
-1
-1
-1
-1
-1
-1
-1
-1
-1
-1
-1
9947
-1
-1
-1
-1
-1
-1
9075
-1
-1
-1
-1
9036
-1
-1
-1
-1
-1
-1
-1
-1
-1
4655
-1
-1
-1
-1
-1
-1
-1
-1
-1
-1
-1
-1
-1
-1
-1
-1
-1
-1
-1
-1
-1
-1
-1
-1
-1
9692
-1
-1
-1
-1
10275
-1
-1
-1
-1
-1
-1
9337
-1
-1
-1
-1
4668
-1
-1
-1
-1
-1
-1
-1
-1
9778
-1
-1
-1
5544
-1
-1
-1
-1
-1
-1
-1
-1
-1
-1
-1
-1
-1
-1
-1
-1
-1
-1
-1
-1
-1
-1
9672
-1
-1
-1
-1
-1
-1
-1
-1
-1
-1
-1
-1
-1
-1
-1
-1
-1
-1
-1
-1
-1
9523
-1
-1
5781
-1
-1
-1
-1
-1
-1
-1
-1
9716
-1
-1
-1
-1
9507
-1
-1
-1
-1
-1
-1
-1
-1
-1
-1
-1
-1
-1
-1
-1
-1
-1
-1
-1
9834
-1
-1
-1
-1
-1
-1
-1
-1
-1
-1
9803
-1
-1
8729
-1
-1
-1
-1
-1
-1
-1
-1
-1
-1
-1
-1
-1
-1
-1
-1
-1
-1
-1
-1
-1
-1
-1
-1
-1
-1
-1
-1
-1
9643
-1
-1
-1
-1
-1
-1
-1
-1
-1
-1
-1
9374
-1
-1
-1
-1
-1
-1
-1
-1
-1
-1
-1
-1
-1
10491
-1
-1
-1
-1
-1
-1
-1
-1
-1
9224
-1
-1
-1
-1
-1
-1
-1
-1
-1
-1
-1
-1
-1
-1
-1
-1
-1
-1
-1
-1
-1
-1
9984
-1
-1
-1
-1
-1
-1
-1
-1
4591
-1
-1
-1
-1
-1
-1
-1
-1
-1
-1
10219
-1
-1
-1
-1
-1
-1
-1
-1
-1
-1
-1
-1
9970
-1
-1
-1
-1
-1
-1
-1
-1
-1
-1
-1
-1
-1
-1
-1
-1
-1
-1
-1
-1
-1
-1
-1
-1
15592
-1
-1
-1
-1
-1
-1
-1
-1
-1
-1
-1
-1
-1
-1
-1
-1
-1
-1
-1
-1
-1
-1
-1
-1
-1
-1
9518
-1
-1
-1
-1
-1
-1
-1
-1
-1
-1
-1
-1
-1
-1
-1
-1
-1
-1
-1
-1
-1
-1
-1
-1
10580
-1
-1
-1
-1
-1
-1
-1
-1
8715
-1
-1
-1
-1
-1
9868
-1
-1
-1
-1
-1
-1
9059
-1
-1
-1
-1
-1
-1
-1
-1
-1
-1
-1
9629
-1
-1
-1
-1
-1
-1
-1
-1
-1
-1
-1
10063
-1
-1
-1
-1
-1
-1
-1
-1
-1
-1
5965
-1
-1
-1
-1
-1
-1
-1
-1
-1
-1
-1
-1
-1
-1
-1
-1
-1
9386
-1
-1
9625
9917
10466
-1
-1
-1
-1
-1
-1
-1
-1
-1
-1
-1
-1
-1
-1
9950
-1
-1
-1
-1
-1
-1
-1
-1
-1
-1
-1
-1
-1
-1
-1
-1
-1
-1
-1
-1
-1
-1
-1
-1
-1
-1
-1
-1
10202
21522
-1
-1
-1
-1
-1
-1
-1
-1
-1
-1
-1
-1
-1
-1
-1
-1
-1
-1
-1
-1
-1
-1
-1
-1
-1
-1
-1
-1
-1
4743
-1
-1
-1
-1
-1
-1
-1
-1
-1
9770
-1
13884
-1
-1
-1
-1
-1
-1
-1
-1
-1
-1
-1
-1
-1
-1
-1
-1
-1
-1
-1
-1
-1
-1
-1
-1
-1
-1
-1
-1
-1
-1
-1
-1
-1
-1
-1
-1
-1
-1
-1
-1
-1
-1
-1
-1
-1
-1
-1
-1
-1
-1
-1
-1
-1
-1
-1
-1
-1
-1
-1
-1
-1
-1
-1
-1
-1
-1
-1
-1
-1
-1
-1
-1
-1
-1
-1
-1
-1
-1
-1
-1
-1
-1
-1
-1
-1
4435
-1
-1
-1
-1
-1
-1
-1
-1
-1
-1
-1
-1
-1
-1
-1
-1
-1
-1
-1
-1
-1
-1
-1
-1
-1
-1
-1
-1
-1
-1
-1
-1
8986
-1
-1
-1
-1
-1
-1
-1
-1
-1
-1
-1
-1
-1
-1
-1
-1
-1
-1
-1
9806
-1
8866
-1
-1
-1
-1
-1
-1
19123
-1
-1
-1
-1
9022
-1
9879
-1
-1
-1
10245
-1
-1
-1
-1
-1
-1
4856
-1
-1
-1
-1
-1
-1
-1
-1
-1
-1
-1
-1
-1
-1
-1
-1
-1
-1
-1
-1
-1
-1
-1
-1
-1
-1
-1
-1
-1
-1
-1
-1
-1
-1
-1
-1
-1
-1
-1
-1
-1
-1
-1
-1
-1
-1
-1
-1
-1
-1
-1
9181
-1
-1
-1
-1
-1
9289
9378
-1
9328
-1
-1
-1
-1
-1
6308
-1
-1
-1
-1
-1
-1
-1
-1
-1
-1
-1
-1
-1
-1
-1
5703
-1
-1
-1
-1
-1
-1
-1
-1
-1
-1
-1
-1
-1
-1
-1
-1
-1
-1
-1
-1
-1
-1
-1
-1
-1
-1
-1
-1
4977
-1
-1
-1
-1
-1
-1
-1
-1
-1
-1
-1
-1
-1
-1
-1
-1
-1
-1
-1
-1
-1
-1
9042
-1
-1
-1
-1
-1
-1
-1
-1
-1
-1
-1
-1
-1
-1
-1
-1
-1
-1
-1
-1
-1
-1
-1
-1
-1
-1
-1
-1
-1
-1
-1
-1
-1
-1
-1
-1
-1
9054
5716
-1
-1
-1
-1
-1
-1
-1
-1
-1
-1
-1
-1
-1
4754
-1
-1
-1
-1
-1
-1
-1
-1
-1
-1
-1
-1
-1
-1
-1
-1
-1
-1
-1
9171
-1
-1
-1
-1
-1
-1
10134
-1
-1
6442
-1
-1
-1
-1
-1
-1
-1
-1
-1
-1
-1
5540
-1
-1
-1
-1
-1
-1
-1
-1
-1
-1
-1
-1
-1
5902
-1
-1
10018
-1
-1
9180
9004
-1
-1
-1
-1
-1
-1
-1
-1
8969
-1
-1
-1
-1
-1
-1
-1
-1
-1
-1
-1
-1
-1
-1
-1
-1
-1
10030
-1
-1
-1
9038
-1
-1
-1
-1
-1
-1
-1
-1
-1
-1
-1
-1
-1
-1
-1
-1
-1
-1
-1
-1
-1
-1
-1
-1
-1
-1
-1
-1
-1
-1
9108
10287
-1
-1
-1
-1
4520
-1
-1
8379
-1
-1
-1
-1
-1
-1
-1
-1
-1
-1
-1
9038
-1
-1
-1
-1
-1
-1
-1
-1
-1
-1
-1
-1
-1
-1
-1
-1
-1
4583
-1
-1
-1
-1
-1
-1
-1
-1
-1
-1
-1
-1
-1
-1
-1
-1
-1
-1
-1
-1
-1
-1
-1
-1
9825
13785
-1
-1
-1
-1
-1
-1
-1
-1
-1
-1
-1
-1
-1
-1
-1
-1
-1
-1
10107
-1
-1
-1
-1
-1
-1
-1
-1
-1
-1
-1
-1
-1
-1
-1
-1
-1
-1
9208
-1
-1
-1
-1
-1
-1
-1
-1
-1
-1
-1
-1
-1
-1
-1
-1
-1
-1
-1
-1
-1
-1
-1
-1
-1
-1
-1
-1
-1
-1
-1
-1
-1
-1
-1
-1
-1
-1
5214
-1
-1
-1
-1
-1
-1
-1
-1
-1
-1
-1
-1
-1
-1
-1
-1
-1
-1
-1
-1
-1
-1
-1
-1
-1
-1
-1
-1
-1
-1
-1
9204
-1
-1
-1
-1
-1
-1
-1
-1
-1
-1
-1
-1
-1
-1
-1
-1
-1
9702
-1
-1
-1
-1
-1
-1
-1
-1
-1
-1
9669
-1
-1
-1
-1
-1
-1
-1
-1
-1
-1
-1
-1
-1
-1
-1
-1
-1
-1
-1
-1
8964
-1
-1
-1
-1
5040
-1
-1
-1
-1
-1
-1
-1
-1
-1
8903
-1
-1
-1
-1
-1
-1
-1
5023
-1
-1
-1
-1
-1
-1
-1
-1
-1
-1
-1
-1
-1
-1
-1
-1
-1
-1
-1
-1
-1
9242
-1
-1
-1
-1
9294
-1
-1
-1
-1
-1
-1
-1
-1
-1
-1
-1
-1
-1
-1
-1
-1
-1
-1
5737
-1
-1
-1
-1
-1
-1
-1
-1
-1
-1
-1
-1
-1
-1
5078
-1
-1
-1
-1
-1
-1
-1
9279
8498
-1
-1
-1
-1
-1
-1
-1
-1
-1
-1
-1
-1
-1
-1
-1
-1
-1
-1
-1
-1
-1
-1
-1
-1
-1
-1
-1
-1
-1
-1
-1
-1
-1
-1
-1
-1
-1
-1
-1
5827
-1
-1
-1
-1
-1
-1
-1
-1
-1
-1
-1
-1
-1
-1
-1
-1
8909
-1
-1
-1
-1
-1
-1
-1
-1
-1
-1
9442
-1
-1
-1
-1
-1
-1
-1
-1
-1
-1
-1
-1
8759
-1
-1
-1
-1
-1
-1
-1
-1
-1
-1
-1
-1
-1
-1
-1
-1
-1
-1
-1
-1
-1
-1
-1
-1
-1
-1
-1
-1
-1
-1
-1
-1
-1
-1
-1
-1
-1
9169
-1
-1
-1
-1
-1
-1
10625
-1
-1
-1
-1
-1
-1
-1
-1
-1
-1
-1
-1
-1
-1
-1
9256
-1
-1
-1
-1
-1
-1
4809
-1
-1
-1
-1
6247
-1
-1
8700
-1
-1
-1
-1
-1
-1
-1
-1
-1
-1
-1
9477
-1
-1
-1
-1
-1
-1
-1
9509
-1
4733
-1
-1
5537
-1
-1
-1
-1
-1
-1
-1
-1
-1
-1
-1
-1
-1
-1
-1
-1
-1
-1
-1
-1
-1
-1
-1
-1
-1
-1
-1
-1
-1
-1
-1
-1
-1
-1
-1
-1
-1
-1
-1
4655
-1
-1
-1
-1
-1
-1
-1
-1
-1
-1
-1
-1
-1
-1
-1
-1
-1
-1
-1
-1
-1
10219
-1
8528
-1
-1
-1
-1
-1
-1
-1
-1
-1
-1
-1
-1
-1
-1
-1
-1
-1
-1
-1
-1
-1
-1
-1
-1
-1
-1
-1
-1
-1
-1
-1
-1
-1
-1
-1
-1
-1
-1
-1
-1
-1
10192
-1
-1
-1
-1
-1
-1
-1
-1
-1
-1
-1
-1
-1
-1
9306
-1
-1
-1
-1
-1
-1
-1
-1
-1
-1
-1
-1
-1
-1
-1
-1
-1
-1
-1
-1
-1
-1
-1
-1
-1
-1
-1
-1
-1
-1
-1
-1
9660
-1
-1
-1
-1
-1
-1
-1
-1
-1
-1
-1
-1
-1
8863
-1
-1
-1
-1
-1
-1
-1
-1
9820
-1
5017
-1
9388
9667
-1
-1
-1
-1
-1
-1
-1
-1
-1
-1
-1
8771
-1
-1
-1
-1
-1
-1
-1
-1
-1
-1
-1
-1
-1
-1
-1
-1
8759
-1
-1
-1
-1
-1
-1
-1
-1
5473
-1
-1
-1
-1
-1
-1
-1
-1
-1
-1
-1
-1
-1
-1
-1
-1
-1
-1
-1
-1
-1
-1
-1
9074
-1
-1
-1
-1
-1
-1
-1
-1
5331
-1
-1
-1
-1
-1
-1
-1
9097
-1
-1
-1
-1
-1
-1
-1
-1
-1
-1
-1
-1
-1
8847
-1
-1
8938
-1
-1
-1
-1
-1
-1
-1
-1
-1
-1
-1
-1
-1
-1
-1
-1
-1
-1
-1
-1
-1
-1
-1
-1
-1
-1
-1
-1
-1
-1
-1
-1
-1
-1
-1
-1
-1
-1
-1
-1
-1
-1
-1
-1
-1
9338
-1
-1
-1
-1
-1
-1
-1
-1
-1
-1
-1
4550
-1
-1
-1
-1
-1
-1
-1
6105
-1
-1
-1
-1
-1
-1
-1
4222
-1
-1
-1
-1
-1
-1
-1
-1
-1
-1
-1
-1
-1
9865
-1
-1
-1
4030
-1
-1
-1
-1
-1
-1
-1
-1
-1
-1
9774
-1
-1
9232
6207
-1
-1
-1
-1
-1
-1
-1
10575
-1
-1
-1
-1
-1
-1
-1
-1
-1
-1
5740
-1
9493
-1
-1
-1
-1
-1
-1
-1
-1
-1
-1
-1
-1
-1
-1
-1
-1
-1
-1
-1
-1
-1
-1
-1
-1
-1
-1
-1
-1
-1
-1
9731
-1
8920
-1
-1
9518
-1
-1
9037
-1
-1
-1
-1
-1
-1
-1
-1
-1
-1
-1
-1
-1
-1
-1
-1
-1
-1
-1
-1
-1
-1
-1
-1
-1
-1
-1
-1
-1
-1
9536
5343
-1
-1
-1
-1
-1
-1
-1
-1
-1
-1
-1
-1
-1
-1
-1
-1
-1
-1
-1
-1
-1
-1
-1
-1
-1
-1
-1
-1
-1
-1
-1
-1
-1
-1
-1
-1
-1
-1
-1
-1
-1
-1
-1
-1
-1
-1
-1
-1
-1
-1
-1
-1
-1
-1
-1
-1
-1
-1
-1
-1
-1
-1
-1
-1
-1
-1
-1
-1
-1
-1
-1
9066
9719
-1
-1
-1
-1
-1
-1
-1
-1
-1
-1
-1
-1
-1
-1
-1
-1
-1
-1
-1
-1
-1
-1
-1
-1
-1
-1
-1
-1
-1
-1
-1
-1
-1
-1
-1
9804
-1
-1
-1
-1
6306
-1
-1
-1
-1
-1
-1
-1
-1
-1
-1
-1
-1
-1
8638
-1
-1
-1
-1
-1
9828
-1
-1
8540
-1
-1
-1
-1
9625
-1
-1
-1
-1
-1
-1
-1
-1
-1
-1
-1
-1
-1
-1
-1
-1
-1
-1
-1
-1
-1
-1
-1
-1
-1
-1
-1
-1
-1
-1
-1
-1
-1
-1
-1
-1
-1
-1
-1
-1
-1
-1
-1
5040
-1
-1
-1
9073
-1
-1
-1
-1
-1
-1
-1
-1
8384
-1
-1
-1
-1
5251
-1
-1
-1
-1
-1
-1
4754
5068
-1
-1
-1
-1
-1
-1
-1
-1
-1
-1
-1
-1
-1
-1
-1
-1
-1
-1
-1
-1
-1
8978
9211
-1
9379
-1
-1
-1
-1
-1
-1
-1
-1
-1
-1
-1
5703
-1
-1
-1
-1
-1
-1
-1
-1
8880
-1
-1
-1
-1
-1
-1
-1
8568
-1
-1
-1
-1
-1
-1
-1
-1
-1
-1
-1
9218
-1
-1
-1
-1
-1
-1
-1
-1
-1
-1
-1
-1
5506
-1
-1
-1
-1
-1
-1
-1
-1
-1
-1
-1
-1
-1
-1
-1
9953
-1
-1
-1
-1
-1
-1
-1
-1
-1
-1
-1
-1
-1
-1
-1
-1
-1
-1
4960
-1
-1
-1
4204
-1
-1
-1
-1
-1
-1
9125
-1
-1
-1
-1
-1
-1
-1
-1
-1
-1
-1
-1
-1
-1
-1
-1
-1
-1
-1
-1
-1
-1
-1
-1
-1
-1
-1
-1
5564
-1
-1
-1
-1
-1
-1
-1
-1
-1
-1
-1
-1
-1
-1
-1
-1
-1
-1
-1
-1
-1
-1
-1
9638
-1
-1
-1
-1
-1
-1
-1
9963
9032
-1
-1
-1
-1
-1
-1
-1
-1
-1
8283
-1
-1
-1
-1
-1
-1
8904
-1
8752
-1
-1
9019
-1
-1
-1
-1
-1
-1
-1
-1
-1
-1
-1
-1
-1
8613
-1
-1
-1
-1
-1
-1
-1
-1
-1
-1
-1
-1
-1
-1
-1
-1
-1
-1
8659
-1
-1
-1
-1
-1
-1
-1
-1
-1
-1
-1
-1
-1
-1
-1
-1
-1
-1
-1
-1
-1
-1
-1
-1
-1
-1
8480
4516
-1
-1
-1
-1
8257
-1
-1
-1
-1
-1
-1
-1
-1
-1
-1
-1
-1
-1
-1
-1
-1
-1
-1
-1
-1
-1
-1
-1
-1
-1
-1
-1
-1
-1
-1
-1
-1
-1
-1
-1
-1
-1
-1
-1
9452
-1
-1
-1
8132
-1
9516
-1
4338
-1
-1
8783
-1
-1
-1
-1
8446
-1
-1
-1
-1
-1
-1
-1
-1
-1
-1
-1
-1
-1
-1
-1
-1
-1
-1
-1
-1
-1
-1
-1
-1
-1
-1
-1
-1
-1
-1
8648
-1
-1
-1
-1
-1
-1
-1
-1
-1
-1
-1
-1
-1
-1
-1
-1
-1
-1
-1
-1
-1
-1
-1
-1
-1
-1
-1
-1
-1
9556
-1
-1
-1
-1
-1
-1
-1
-1
-1
-1
-1
-1
-1
-1
-1
5746
-1
-1
-1
-1
-1
-1
-1
-1
-1
8581
-1
-1
-1
-1
8880
-1
-1
-1
10008
-1
-1
-1
-1
8708
-1
-1
-1
-1
-1
-1
-1
-1
-1
-1
-1
-1
-1
-1
-1
5441
-1
-1
-1
-1
-1
-1
-1
9115
-1
-1
-1
-1
-1
-1
-1
-1
-1
-1
-1
-1
-1
-1
-1
-1
-1
-1
-1
-1
-1
-1
-1
-1
-1
-1
-1
-1
-1
-1
-1
-1
-1
-1
6360
-1
-1
-1
-1
-1
-1
-1
-1
-1
10314
-1
8862
-1
8662
-1
-1
8321
-1
-1
-1
-1
-1
-1
-1
9032
-1
-1
-1
-1
-1
-1
-1
-1
-1
-1
-1
-1
-1
-1
-1
8282
-1
-1
-1
-1
-1
-1
-1
-1
-1
8792
-1
4676
-1
-1
-1
-1
-1
-1
-1
-1
-1
-1
-1
-1
-1
-1
-1
-1
-1
-1
9266
-1
-1
-1
-1
8954
-1
-1
-1
-1
-1
-1
-1
-1
9133
-1
-1
-1
-1
-1
-1
-1
-1
-1
-1
-1
-1
-1
-1
-1
-1
-1
-1
8910
-1
9227
-1
-1
-1
-1
-1
6166
5174
-1
-1
8986
-1
9299
-1
-1
-1
5890
-1
-1
-1
-1
-1
-1
-1
8696
-1
9859
-1
-1
-1
-1
-1
-1
-1
-1
-1
-1
4580
8696
-1
9111
-1
-1
8438
-1
-1
-1
-1
8912
-1
-1
-1
-1
-1
-1
-1
-1
-1
-1
-1
-1
-1
-1
-1
-1
-1
-1
-1
-1
-1
-1
-1
-1
-1
-1
-1
-1
5331
-1
-1
4831
-1
-1
9686
-1
8197
-1
-1
-1
-1
-1
-1
-1
5199
-1
-1
-1
-1
-1
-1
-1
-1
-1
-1
-1
8322
-1
-1
-1
-1
-1
-1
-1
-1
-1
-1
-1
8380
-1
9660
-1
-1
-1
6073
-1
-1
-1
-1
-1
-1
-1
-1
-1
-1
-1
-1
-1
-1
-1
-1
8857
-1
-1
-1
-1
-1
-1
-1
-1
-1
-1
-1
-1
-1
-1
-1
-1
-1
-1
-1
-1
-1
9586
-1
-1
-1
-1
-1
-1
-1
9200
-1
-1
9128
-1
-1
-1
-1
-1
-1
-1
-1
-1
-1
-1
-1
-1
-1
9568
-1
-1
-1
-1
-1
-1
-1
-1
-1
8826
-1
9450
-1
-1
-1
-1
-1
-1
-1
-1
-1
-1
-1
-1
-1
-1
-1
-1
-1
-1
-1
-1
-1
-1
-1
-1
-1
-1
-1
-1
-1
-1
-1
-1
-1
8401
14389
-1
-1
-1
-1
8850
-1
-1
-1
-1
-1
-1
-1
-1
-1
6194
-1
-1
-1
-1
-1
8862
8484
-1
-1
-1
-1
-1
-1
-1
8666
-1
-1
-1
-1
-1
-1
-1
8783
-1
-1
-1
-1
-1
-1
10170
-1
-1
-1
-1
-1
-1
-1
-1
-1
-1
-1
-1
-1
-1
-1
-1
-1
-1
-1
-1
-1
8946
-1
-1
-1
10354
4406
-1
-1
-1
-1
-1
-1
5402
5609
-1
-1
5311
9647
-1
-1
-1
-1
-1
-1
-1
-1
-1
-1
-1
-1
-1
-1
-1
-1
-1
-1
-1
-1
-1
-1
-1
-1
-1
-1
-1
5447
-1
-1
-1
-1
-1
-1
-1
-1
-1
-1
-1
-1
-1
-1
-1
-1
-1
-1
-1
-1
-1
9203
10073
-1
-1
-1
-1
-1
-1
-1
-1
-1
-1
-1
-1
-1
-1
-1
-1
9157
-1
-1
-1
15146
-1
8659
-1
-1
-1
-1
-1
-1
-1
-1
-1
10024
-1
-1
-1
-1
-1
-1
-1
-1
-1
5556
-1
9586
-1
-1
-1
-1
-1
-1
-1
-1
-1
-1
-1
-1
-1
-1
-1
-1
-1
-1
-1
-1
-1
-1
-1
-1
-1
-1
-1
-1
-1
-1
-1
-1
-1
-1
9984
-1
5143
-1
-1
-1
-1
-1
4156
-1
-1
-1
-1
-1
-1
-1
-1
-1
-1
-1
-1
-1
-1
-1
-1
-1
-1
-1
-1
-1
4793
-1
-1
-1
5825
-1
-1
-1
-1
-1
-1
-1
-1
-1
-1
-1
-1
-1
-1
-1
-1
8994
11174
-1
-1
-1
-1
-1
-1
9116
-1
-1
-1
-1
-1
-1
-1
-1
-1
-1
-1
-1
-1
-1
9574
-1
-1
-1
-1
-1
-1
-1
-1
-1
-1
-1
-1
-1
-1
-1
-1
-1
-1
-1
-1
-1
-1
9516
-1
-1
-1
5644
8306
-1
-1
-1
-1
-1
-1
-1
-1
-1
-1
15558
-1
-1
-1
-1
-1
-1
-1
-1
-1
-1
-1
-1
-1
-1
-1
-1
-1
-1
-1
4911
-1
-1
-1
-1
-1
8438
-1
-1
-1
9067
-1
-1
-1
-1
-1
-1
-1
-1
-1
-1
-1
-1
-1
-1
-1
-1
-1
-1
6442
-1
-1
9456
-1
-1
-1
8435
-1
-1
-1
-1
-1
3976
-1
-1
9114
-1
-1
-1
-1
-1
-1
-1
-1
-1
8693
8031
-1
-1
-1
-1
-1
-1
-1
-1
-1
-1
-1
-1
-1
-1
-1
-1
-1
9548
-1
-1
-1
-1
-1
-1
-1
-1
-1
-1
-1
-1
-1
-1
-1
-1
-1
-1
-1
-1
-1
-1
-1
8284
-1
-1
-1
-1
-1
-1
-1
-1
-1
-1
-1
-1
5967
-1
-1
-1
-1
-1
-1
-1
-1
-1
-1
-1
-1
-1
-1
9981
-1
-1
-1
8665
-1
-1
-1
-1
-1
-1
-1
-1
-1
-1
-1
-1
-1
-1
-1
-1
-1
-1
-1
-1
-1
-1
-1
-1
-1
-1
-1
-1
-1
-1
7895
-1
5453
10219
-1
-1
-1
-1
-1
-1
-1
9449
-1
-1
-1
-1
-1
9764
-1
-1
-1
-1
-1
-1
-1
14037
-1
-1
4375
9060
-1
-1
-1
-1
-1
-1
-1
-1
-1
-1
-1
9060
-1
-1
-1
-1
-1
-1
-1
-1
-1
-1
-1
-1
8646
-1
-1
-1
-1
-1
-1
-1
-1
-1
-1
-1
-1
-1
-1
-1
6002
-1
-1
-1
-1
-1
4490
-1
-1
-1
-1
-1
-1
-1
-1
-1
-1
-1
-1
-1
-1
4634
-1
-1
-1
-1
-1
-1
-1
-1
-1
-1
-1
-1
-1
-1
-1
-1
-1
-1
-1
-1
10446
-1
-1
-1
-1
-1
-1
-1
-1
-1
-1
-1
-1
8754
9466
8950
-1
-1
-1
-1
-1
-1
-1
-1
-1
-1
-1
-1
-1
-1
-1
-1
-1
-1
-1
-1
9136
-1
-1
-1
-1
-1
-1
-1
-1
-1
8555
18298
-1
-1
-1
-1
-1
-1
-1
-1
-1
-1
-1
-1
-1
-1
-1
-1
-1
-1
-1
-1
-1
-1
-1
-1
-1
-1
8328
-1
-1
-1
-1
-1
-1
8296
-1
-1
9052
-1
-1
-1
-1
-1
-1
-1
-1
-1
-1
-1
-1
-1
5416
10575
-1
-1
-1
-1
-1
4087
-1
-1
9784
-1
-1
-1
-1
-1
-1
-1
-1
-1
8906
-1
-1
-1
-1
-1
-1
-1
-1
10042
-1
-1
-1
-1
-1
8128
-1
-1
-1
-1
-1
-1
-1
-1
-1
-1
-1
-1
-1
-1
-1
-1
-1
-1
-1
-1
5520
-1
-1
4860
-1
-1
-1
-1
-1
-1
-1
9308
-1
-1
-1
-1
-1
-1
-1
-1
-1
-1
-1
-1
-1
-1
-1
-1
-1
-1
-1
-1
-1
-1
-1
-1
-1
-1
8863
-1
-1
-1
-1
-1
8440
-1
-1
-1
8631
-1
-1
-1
-1
-1
-1
-1
-1
-1
9054
-1
-1
-1
9459
8439
-1
-1
-1
-1
-1
-1
-1
-1
-1
-1
-1
-1
-1
-1
-1
-1
-1
-1
-1
-1
-1
-1
-1
-1
-1
-1
-1
5447
-1
-1
-1
-1
-1
-1
-1
-1
8863
-1
9031
-1
10021
-1
-1
-1
9010
-1
-1
-1
-1
-1
-1
-1
-1
-1
-1
-1
-1
-1
-1
-1
-1
8263
-1
-1
-1
-1
-1
-1
-1
8988
-1
-1
-1
-1
-1
-1
-1
-1
9630
-1
9106
3799
-1
-1
-1
-1
-1
9963
-1
-1
-1
-1
-1
-1
-1
-1
-1
-1
-1
-1
-1
-1
-1
-1
-1
-1
-1
-1
9023
-1
-1
-1
-1
-1
-1
-1
-1
-1
-1
-1
-1
-1
-1
-1
-1
13482
-1
-1
-1
-1
-1
-1
-1
-1
-1
-1
-1
-1
5785
-1
-1
-1
-1
9122
-1
-1
-1
8733
-1
-1
-1
-1
-1
-1
-1
-1
-1
-1
-1
-1
-1
8545
-1
-1
-1
-1
-1
-1
-1
-1
-1
8617
-1
5248
-1
-1
-1
-1
-1
4081
-1
-1
8245
-1
-1
-1
-1
-1
-1
-1
-1
-1
-1
-1
-1
-1
-1
-1
-1
-1
-1
-1
-1
-1
-1
-1
-1
-1
-1
-1
-1
-1
-1
-1
-1
-1
-1
-1
-1
-1
-1
-1
9243
-1
7942
-1
-1
-1
-1
-1
-1
-1
-1
-1
-1
-1
-1
-1
-1
-1
-1
-1
8376
-1
-1
-1
-1
-1
-1
-1
-1
-1
-1
9837
-1
-1
-1
-1
-1
10139
-1
-1
-1
-1
-1
-1
-1
-1
-1
-1
-1
-1
-1
8759
-1
-1
-1
-1
-1
-1
-1
-1
-1
9199
-1
-1
-1
-1
-1
-1
-1
-1
-1
-1
-1
4614
-1
-1
-1
-1
-1
-1
8761
-1
-1
-1
-1
-1
-1
-1
8950
5762
-1
-1
-1
-1
-1
-1
-1
-1
-1
-1
-1
-1
9390
4390
-1
-1
-1
-1
-1
-1
-1
-1
-1
-1
-1
-1
-1
-1
-1
-1
-1
-1
-1
9204
-1
-1
-1
-1
-1
9319
-1
9449
-1
-1
-1
-1
-1
-1
-1
-1
9742
8496
-1
-1
-1
-1
-1
-1
-1
-1
-1
-1
-1
-1
-1
-1
-1
-1
-1
-1
-1
-1
-1
-1
-1
-1
-1
-1
-1
-1
-1
-1
-1
-1
-1
-1
-1
-1
-1
-1
-1
-1
6558
-1
-1
-1
-1
-1
-1
-1
-1
-1
-1
-1
-1
-1
-1
-1
-1
-1
-1
-1
-1
-1
-1
-1
-1
-1
-1
-1
-1
-1
-1
-1
-1
-1
-1
-1
-1
-1
-1
-1
-1
-1
-1
-1
-1
-1
8611
-1
9504
-1
-1
-1
-1
-1
-1
-1
-1
-1
-1
-1
-1
-1
-1
-1
-1
-1
-1
-1
-1
-1
-1
-1
-1
-1
-1
-1
-1
-1
-1
-1
-1
-1
-1
-1
-1
-1
-1
-1
-1
-1
-1
-1
-1
-1
-1
-1
-1
-1
-1
8162
-1
-1
-1
-1
-1
8260
-1
-1
-1
-1
-1
-1
-1
-1
-1
-1
-1
-1
-1
-1
-1
-1
-1
-1
7934
-1
-1
-1
-1
-1
8498
-1
7934
-1
-1
-1
-1
-1
4328
-1
-1
-1
8271
-1
-1
6129
-1
-1
-1
-1
-1
-1
-1
-1
-1
-1
-1
-1
8782
-1
-1
-1
-1
-1
7988
-1
-1
-1
-1
-1
-1
-1
-1
-1
-1
-1
-1
-1
-1
-1
-1
-1
8574
-1
-1
-1
-1
-1
-1
-1
-1
4715
-1
-1
-1
8484
-1
-1
-1
8754
-1
-1
-1
-1
-1
-1
-1
-1
-1
-1
-1
-1
-1
-1
-1
-1
-1
-1
-1
-1
-1
-1
-1
-1
-1
-1
-1
-1
-1
-1
-1
-1
-1
-1
-1
-1
-1
-1
-1
-1
-1
5980
-1
-1
5449
-1
-1
-1
-1
-1
-1
-1
5594
-1
16418
-1
-1
10431
-1
-1
10708
-1
-1
-1
-1
-1
8680
-1
-1
-1
5422
6077
-1
-1
-1
-1
-1
-1
-1
-1
-1
-1
-1
-1
-1
-1
5248
8945
-1
-1
-1
-1
-1
-1
-1
-1
-1
-1
-1
-1
-1
-1
-1
-1
-1
-1
-1
-1
-1
-1
-1
-1
-1
-1
-1
-1
-1
-1
8414
-1
-1
-1
-1
-1
-1
-1
8451
-1
-1
-1
-1
-1
-1
-1
-1
-1
-1
4472
-1
-1
-1
-1
16193
-1
5078
-1
-1
-1
8607
-1
-1
8230
10026
-1
-1
-1
-1
4984
-1
-1
-1
-1
-1
-1
-1
-1
-1
8373
-1
-1
-1
-1
-1
-1
-1
-1
-1
-1
-1
-1
-1
-1
-1
-1
-1
-1
-1
-1
-1
-1
-1
-1
-1
-1
-1
-1
7960
-1
-1
-1
-1
-1
-1
-1
-1
-1
4459
-1
-1
-1
-1
-1
-1
-1
-1
-1
-1
-1
-1
-1
-1
-1
-1
-1
7988
-1
-1
-1
-1
-1
-1
9582
-1
-1
-1
-1
-1
-1
-1
-1
-1
-1
-1
-1
-1
-1
-1
-1
-1
-1
-1
-1
-1
-1
-1
-1
-1
-1
-1
-1
-1
-1
-1
-1
-1
-1
-1
-1
-1
-1
-1
-1
-1
-1
-1
-1
-1
-1
-1
8336
-1
-1
-1
-1
-1
4252
-1
-1
-1
7935
-1
-1
-1
8624
-1
-1
-1
-1
-1
-1
-1
-1
-1
-1
-1
-1
-1
-1
8556
-1
4051
9947
4662
-1
-1
-1
-1
-1
-1
-1
-1
-1
-1
-1
-1
-1
-1
-1
-1
-1
-1
-1
-1
-1
-1
-1
7994
-1
-1
-1
-1
5969
-1
-1
-1
8202
8108
-1
-1
-1
-1
-1
-1
-1
-1
-1
-1
-1
-1
-1
8001
-1
-1
-1
-1
-1
-1
8342
-1
-1
-1
-1
-1
-1
-1
-1
-1
-1
-1
-1
7942
8934
-1
-1
-1
-1
8682
-1
-1
-1
-1
-1
-1
-1
-1
-1
-1
-1
-1
-1
-1
-1
-1
-1
-1
-1
-1
-1
-1
-1
8453
-1
7988
9410
-1
-1
-1
-1
-1
-1
-1
-1
15592
5018
-1
-1
-1
-1
-1
-1
-1
-1
5172
-1
-1
8031
-1
-1
-1
-1
-1
-1
-1
-1
-1
8306
-1
-1
-1
-1
-1
-1
4199
8190
-1
-1
-1
-1
-1
-1
-1
-1
-1
-1
-1
-1
-1
-1
-1
-1
-1
-1
8171
-1
-1
-1
-1
-1
-1
-1
-1
-1
-1
8184
-1
-1
-1
10334
8494
-1
-1
-1
-1
-1
-1
-1
-1
-1
-1
-1
-1
-1
-1
8961
-1
-1
-1
-1
-1
-1
-1
-1
-1
-1
-1
-1
16842
-1
-1
-1
-1
-1
-1
-1
-1
-1
-1
-1
-1
-1
-1
4043
-1
9865
-1
-1
-1
9516
-1
-1
-1
-1
-1
-1
-1
-1
-1
-1
-1
-1
-1
-1
-1
8223
-1
-1
-1
-1
-1
-1
-1
-1
-1
-1
-1
-1
-1
-1
-1
-1
-1
-1
-1
-1
-1
-1
-1
-1
-1
-1
-1
8129
-1
-1
5999
-1
12120
-1
-1
-1
-1
-1
-1
-1
-1
-1
-1
-1
-1
-1
-1
-1
-1
8863
-1
-1
-1
-1
-1
-1
-1
-1
-1
-1
-1
-1
8642
-1
-1
-1
-1
-1
-1
-1
-1
-1
-1
-1
-1
-1
-1
-1
-1
5036
-1
-1
-1
-1
-1
8779
-1
-1
-1
-1
-1
-1
-1
-1
8887
-1
-1
-1
-1
-1
-1
9192
-1
-1
-1
-1
-1
-1
-1
-1
-1
-1
-1
-1
-1
-1
-1
-1
7472
-1
-1
-1
-1
-1
-1
-1
-1
-1
-1
-1
-1
-1
-1
-1
-1
-1
-1
-1
-1
-1
-1
-1
-1
9237
-1
-1
-1
-1
-1
-1
-1
-1
8815
-1
8946
-1
-1
-1
-1
-1
-1
-1
-1
-1
-1
-1
7666
-1
-1
-1
-1
-1
7823
-1
-1
-1
-1
-1
-1
-1
-1
-1
-1
-1
4762
-1
-1
-1
-1
-1
8157
4663
-1
-1
-1
-1
-1
-1
-1
-1
-1
-1
-1
-1
-1
-1
-1
-1
-1
-1
-1
-1
-1
-1
-1
-1
-1
-1
-1
-1
-1
-1
-1
-1
-1
-1
-1
-1
-1
-1
-1
-1
-1
-1
-1
-1
-1
-1
-1
-1
-1
-1
-1
-1
-1
8887
-1
-1
-1
-1
-1
-1
-1
-1
-1
-1
16786
-1
-1
8222
-1
-1
-1
-1
-1
-1
-1
-1
-1
-1
-1
9576
-1
-1
8268
-1
-1
8695
-1
-1
-1
-1
-1
-1
-1
-1
5134
-1
-1
8728
-1
-1
-1
-1
-1
-1
-1
-1
-1
-1
-1
-1
-1
-1
-1
-1
-1
-1
-1
-1
-1
-1
-1
-1
-1
-1
-1
-1
-1
-1
-1
-1
-1
-1
-1
-1
-1
-1
-1
8403
-1
-1
-1
-1
-1
-1
16162
-1
-1
-1
-1
-1
-1
-1
-1
-1
8403
-1
-1
-1
-1
-1
-1
-1
-1
-1
-1
-1
-1
-1
-1
-1
-1
8200
8512
-1
-1
-1
9043
-1
-1
-1
-1
-1
-1
-1
-1
-1
-1
-1
-1
-1
-1
-1
9275
4298
-1
-1
5018
-1
-1
-1
-1
-1
-1
-1
-1
-1
-1
-1
-1
-1
-1
-1
-1
-1
-1
-1
-1
-1
-1
-1
-1
-1
-1
8753
-1
-1
-1
-1
-1
8229
-1
-1
-1
-1
-1
-1
-1
8233
-1
-1
-1
-1
-1
-1
8917
-1
-1
-1
-1
-1
-1
8950
-1
9125
-1
-1
-1
-1
-1
-1
-1
-1
-1
-1
-1
-1
-1
-1
-1
-1
-1
-1
-1
-1
-1
8782
-1
4739
-1
-1
-1
-1
-1
-1
-1
-1
-1
-1
5303
-1
-1
-1
-1
-1
-1
-1
-1
-1
8339
-1
-1
-1
-1
-1
-1
-1
-1
4127
8494
-1
-1
-1
-1
-1
-1
-1
-1
-1
-1
8775
-1
-1
-1
-1
-1
-1
-1
-1
-1
-1
-1
-1
-1
-1
-1
-1
9355
-1
-1
-1
-1
-1
-1
-1
-1
-1
-1
-1
-1
9260
-1
-1
9185
-1
-1
8380
-1
-1
-1
-1
-1
-1
-1
8307
-1
-1
-1
-1
-1
-1
-1
-1
-1
-1
-1
-1
-1
-1
-1
-1
-1
-1
-1
-1
-1
-1
-1
-1
-1
-1
-1
-1
-1
-1
-1
-1
-1
-1
-1
-1
-1
-1
-1
-1
-1
-1
4519
-1
-1
9075
-1
-1
-1
-1
-1
-1
-1
-1
-1
-1
3823
-1
-1
-1
-1
-1
8945
-1
-1
-1
-1
-1
-1
-1
-1
-1
-1
4248
-1
-1
8307
-1
-1
-1
-1
-1
-1
-1
-1
-1
-1
-1
-1
-1
-1
-1
-1
-1
-1
-1
-1
-1
-1
-1
-1
-1
-1
-1
-1
-1
-1
-1
-1
-1
-1
-1
-1
-1
-1
-1
-1
-1
-1
8066
-1
-1
-1
8708
-1
-1
-1
-1
-1
8131
-1
-1
-1
-1
-1
-1
-1
-1
-1
-1
-1
-1
-1
-1
-1
-1
8404
-1
-1
-1
-1
-1
-1
-1
-1
-1
-1
-1
9516
-1
-1
-1
-1
-1
-1
-1
-1
-1
-1
-1
3749
7653
-1
-1
7618
-1
-1
-1
-1
9148
-1
-1
-1
16700
-1
4061
-1
-1
-1
-1
-1
5870
-1
-1
-1
-1
-1
9202
-1
-1
-1
9507
-1
-1
-1
-1
-1
-1
-1
-1
-1
-1
-1
-1
-1
-1
-1
16248
-1
-1
5967
7374
-1
-1
-1
-1
-1
-1
-1
-1
-1
-1
-1
8017
-1
-1
-1
-1
-1
-1
-1
-1
-1
-1
-1
-1
-1
-1
-1
-1
-1
-1
-1
-1
-1
-1
-1
-1
-1
-1
-1
-1
8503
-1
-1
-1
-1
-1
-1
-1
-1
8138
-1
-1
7413
-1
8981
-1
-1
-1
-1
-1
5459
-1
-1
-1
-1
7803
-1
-1
-1
-1
9586
-1
-1
-1
-1
-1
-1
-1
-1
10314
-1
-1
8359
-1
-1
-1
-1
-1
-1
-1
-1
-1
-1
-1
-1
-1
-1
-1
-1
-1
-1
-1
-1
-1
8629
-1
-1
-1
-1
-1
-1
-1
8156
-1
-1
-1
-1
-1
-1
-1
-1
-1
-1
5379
-1
-1
-1
15650
-1
-1
-1
-1
-1
-1
-1
-1
-1
-1
-1
-1
-1
-1
8400
-1
8065
-1
-1
-1
-1
-1
4672
-1
-1
9148
-1
7930
8263
-1
-1
8426
-1
-1
-1
-1
-1
-1
-1
-1
-1
-1
-1
-1
-1
-1
-1
9036
-1
-1
-1
-1
-1
-1
-1
-1
-1
-1
-1
-1
-1
-1
-1
-1
-1
-1
-1
-1
-1
-1
-1
-1
8180
-1
-1
-1
-1
9517
8359
-1
-1
-1
-1
-1
4461
-1
-1
-1
-1
-1
-1
-1
-1
-1
-1
-1
-1
8259
-1
-1
-1
-1
-1
8066
-1
-1
-1
-1
-1
8864
-1
-1
-1
-1
-1
-1
-1
-1
-1
-1
-1
16472
-1
8070
-1
6392
-1
-1
-1
-1
-1
-1
-1
-1
-1
-1
-1
-1
8693
-1
-1
-1
8807
-1
-1
-1
-1
-1
-1
-1
-1
-1
-1
-1
-1
-1
-1
-1
-1
-1
-1
-1
-1
9040
-1
-1
-1
-1
-1
-1
-1
-1
-1
-1
-1
8789
-1
-1
-1
-1
-1
-1
-1
-1
-1
-1
8146
-1
-1
-1
-1
-1
-1
-1
-1
-1
4456
-1
-1
-1
-1
-1
-1
-1
-1
-1
-1
-1
4776
-1
-1
-1
-1
-1
-1
-1
4916
-1
-1
-1
-1
7965
-1
-1
8799
4995
8525
-1
7987
-1
-1
-1
-1
-1
-1
-1
-1
-1
4591
-1
-1
8578
-1
-1
-1
-1
-1
-1
-1
-1
-1
8986
-1
-1
-1
-1
-1
8064
-1
-1
-1
-1
-1
-1
-1
-1
-1
7768
-1
5455
-1
-1
-1
-1
-1
-1
8110
-1
-1
-1
-1
-1
-1
8244
-1
-1
7651
4088
-1
7351
-1
-1
-1
-1
-1
-1
-1
-1
-1
-1
-1
-1
-1
8988
-1
-1
-1
8874
-1
-1
-1
-1
-1
-1
-1
-1
-1
-1
-1
-1
-1
-1
-1
-1
-1
-1
-1
4284
-1
-1
-1
-1
-1
-1
-1
-1
-1
-1
-1
-1
-1
-1
-1
-1
-1
-1
-1
-1
-1
-1
-1
-1
-1
-1
7930
-1
-1
-1
-1
-1
-1
-1
6172
-1
-1
5828
-1
-1
-1
-1
-1
-1
-1
-1
-1
-1
-1
-1
-1
-1
5446
-1
-1
-1
-1
-1
-1
-1
-1
-1
-1
-1
-1
-1
-1
-1
-1
-1
-1
-1
-1
4947
-1
8858
8645
-1
-1
-1
-1
-1
-1
-1
-1
-1
-1
-1
-1
-1
-1
-1
-1
-1
-1
-1
-1
-1
-1
-1
-1
-1
-1
-1
-1
-1
-1
8871
-1
-1
-1
9538
7682
-1
7948
7415
-1
-1
7518
-1
-1
-1
-1
-1
-1
-1
-1
-1
-1
-1
-1
-1
-1
9850
-1
-1
-1
-1
-1
-1
-1
-1
-1
-1
-1
-1
-1
-1
-1
-1
-1
-1
8328
-1
-1
-1
-1
-1
7657
-1
-1
-1
-1
-1
-1
-1
-1
-1
-1
-1
8487
-1
-1
-1
-1
-1
-1
5583
-1
-1
-1
-1
-1
-1
-1
-1
-1
-1
-1
-1
-1
-1
-1
-1
-1
-1
-1
-1
8231
-1
-1
-1
-1
-1
-1
-1
-1
-1
-1
-1
-1
-1
-1
-1
-1
-1
4913
-1
-1
-1
-1
-1
-1
-1
-1
-1
5004
-1
-1
-1
-1
-1
-1
-1
-1
-1
-1
-1
-1
-1
-1
-1
-1
-1
-1
8141
-1
-1
-1
-1
-1
8590
-1
-1
-1
-1
-1
-1
-1
-1
-1
-1
-1
5287
-1
-1
-1
-1
-1
-1
-1
-1
-1
-1
-1
-1
-1
-1
-1
-1
-1
-1
-1
-1
-1
-1
-1
-1
-1
-1
-1
-1
-1
-1
-1
-1
-1
-1
7156
-1
8799
-1
-1
-1
-1
-1
-1
-1
-1
-1
3943
-1
-1
-1
8737
-1
-1
-1
-1
-1
-1
-1
-1
-1
-1
-1
8394
-1
8032
-1
-1
-1
-1
-1
-1
-1
-1
-1
-1
-1
6194
-1
-1
-1
7981
-1
-1
-1
5347
-1
-1
-1
-1
-1
-1
-1
-1
-1
-1
-1
-1
-1
-1
-1
-1
-1
-1
-1
5713
8635
-1
-1
-1
9206
-1
-1
-1
-1
-1
-1
-1
-1
-1
-1
9294
-1
-1
-1
8996
-1
-1
8208
-1
-1
-1
-1
7020
-1
8225
18577
-1
-1
-1
-1
-1
-1
-1
8553
-1
-1
-1
7747
-1
-1
-1
-1
-1
-1
-1
-1
-1
-1
-1
-1
-1
-1
-1
4602
-1
-1
-1
-1
-1
-1
-1
-1
7757
-1
5765
-1
-1
-1
-1
-1
-1
7909
-1
-1
-1
-1
-1
-1
-1
-1
-1
-1
-1
-1
-1
7574
-1
-1
-1
-1
-1
-1
-1
-1
-1
-1
-1
-1
-1
-1
-1
-1
-1
-1
8728
-1
-1
-1
-1
-1
-1
-1
8119
-1
-1
-1
-1
-1
-1
-1
-1
-1
-1
-1
-1
-1
-1
-1
-1
-1
-1
-1
-1
-1
-1
-1
-1
-1
-1
-1
7689
5965
-1
8653
8589
8175
-1
-1
-1
-1
7617
-1
8285
7996
-1
-1
-1
-1
-1
-1
-1
-1
-1
-1
-1
-1
-1
-1
-1
-1
-1
-1
-1
-1
-1
-1
-1
-1
-1
4776
-1
-1
-1
-1
-1
-1
-1
-1
-1
-1
-1
-1
-1
-1
-1
-1
-1
-1
-1
-1
-1
-1
-1
-1
-1
-1
-1
-1
-1
-1
-1
-1
-1
-1
7541
-1
-1
-1
5039
-1
-1
-1
-1
-1
-1
-1
7052
-1
-1
-1
-1
-1
-1
-1
-1
-1
-1
-1
-1
-1
-1
4733
-1
-1
-1
-1
-1
-1
-1
-1
7647
8417
-1
-1
-1
8205
-1
-1
-1
-1
3991
-1
-1
-1
-1
-1
-1
-1
-1
-1
-1
-1
7957
9423
-1
-1
-1
-1
-1
-1
-1
-1
11761
-1
-1
-1
9021
-1
-1
-1
-1
-1
-1
-1
-1
-1
-1
18422
-1
-1
-1
-1
-1
-1
5890
-1
-1
-1
-1
-1
-1
-1
-1
-1
-1
-1
-1
-1
-1
-1
-1
-1
-1
-1
-1
-1
-1
4440
9167
-1
-1
-1
-1
-1
-1
-1
-1
-1
-1
-1
-1
-1
-1
-1
-1
-1
-1
-1
-1
7518
-1
5442
-1
-1
-1
3866
-1
-1
-1
-1
-1
-1
-1
6983
-1
-1
-1
-1
-1
9110
7799
-1
9596
-1
-1
-1
-1
-1
8879
-1
7485
-1
-1
-1
9147
-1
-1
8258
-1
-1
-1
-1
-1
-1
-1
7224
-1
-1
-1
-1
-1
-1
-1
-1
-1
-1
-1
-1
-1
-1
-1
-1
-1
-1
-1
-1
-1
-1
-1
-1
-1
-1
-1
-1
4800
-1
-1
-1
-1
5343
-1
-1
-1
-1
-1
-1
7843
-1
-1
-1
-1
-1
-1
-1
-1
-1
-1
-1
8200
-1
-1
-1
-1
-1
-1
12304
-1
-1
8327
-1
-1
-1
-1
10692
-1
-1
-1
-1
-1
8073
-1
-1
-1
-1
-1
-1
8775
-1
-1
-1
-1
-1
-1
-1
-1
-1
-1
8481
-1
-1
-1
-1
7648
-1
-1
-1
-1
-1
-1
-1
-1
-1
-1
-1
4843
-1
-1
-1
-1
-1
-1
-1
-1
-1
-1
-1
-1
8505
-1
-1
-1
-1
7906
-1
-1
-1
-1
5297
-1
-1
-1
-1
-1
-1
-1
-1
-1
-1
-1
-1
-1
-1
-1
8578
-1
5279
7912
-1
-1
-1
-1
-1
-1
-1
-1
4105
-1
-1
-1
-1
-1
-1
8563
-1
-1
-1
-1
7673
-1
-1
-1
7484
-1
7387
-1
-1
-1
-1
-1
-1
-1
-1
-1
-1
-1
-1
-1
-1
-1
-1
-1
-1
-1
-1
-1
-1
-1
-1
4961
7025
3633
7445
-1
8372
-1
-1
-1
-1
-1
-1
7761
-1
-1
-1
-1
-1
-1
-1
-1
-1
-1
-1
-1
-1
5536
-1
-1
-1
7723
-1
-1
5010
-1
-1
-1
-1
-1
-1
-1
-1
-1
-1
-1
4081
4751
8278
-1
-1
-1
-1
-1
-1
-1
8954
-1
-1
-1
8255
-1
-1
-1
-1
-1
-1
-1
8031
-1
-1
-1
-1
-1
-1
-1
-1
-1
-1
-1
-1
-1
-1
-1
-1
-1
-1
-1
-1
-1
-1
-1
-1
-1
-1
16166
-1
-1
-1
-1
-1
-1
-1
-1
-1
9043
-1
5134
-1
-1
-1
-1
-1
-1
-1
-1
-1
-1
-1
-1
-1
-1
4043
-1
7850
-1
-1
-1
-1
-1
-1
-1
-1
-1
-1
-1
-1
-1
9025
-1
-1
-1
-1
-1
-1
-1
-1
-1
-1
-1
-1
-1
-1
-1
-1
-1
-1
-1
8260
-1
-1
-1
-1
7561
8147
-1
7558
8739
4030
-1
-1
-1
-1
-1
8599
-1
-1
-1
-1
4285
-1
8776
-1
4739
-1
-1
-1
-1
4564
-1
-1
-1
-1
-1
-1
8831
-1
-1
-1
-1
-1
-1
-1
-1
-1
-1
-1
-1
-1
-1
-1
-1
-1
-1
-1
-1
-1
-1
-1
-1
-1
-1
-1
-1
8279
-1
-1
-1
-1
4377
14613
-1
-1
-1
-1
-1
4155
-1
-1
-1
-1
-1
-1
-1
4613
-1
-1
-1
-1
-1
-1
8809
-1
-1
-1
-1
-1
-1
-1
-1
-1
-1
-1
-1
-1
-1
-1
-1
-1
-1
-1
-1
-1
-1
-1
-1
8592
7928
-1
-1
-1
-1
-1
-1
-1
-1
-1
-1
8481
-1
4340
-1
-1
-1
-1
-1
-1
-1
-1
-1
-1
-1
-1
-1
-1
-1
-1
-1
-1
7747
-1
-1
-1
5644
-1
7401
-1
-1
-1
15514
7370
-1
-1
-1
-1
-1
-1
-1
-1
-1
-1
-1
-1
-1
-1
-1
-1
-1
-1
-1
-1
-1
-1
-1
-1
-1
-1
-1
-1
-1
-1
-1
-1
-1
-1
-1
-1
-1
-1
-1
-1
-1
-1
-1
8372
-1
7958
-1
-1
-1
7547
-1
-1
-1
-1
8945
8279
-1
-1
-1
-1
-1
-1
-1
-1
-1
-1
-1
-1
-1
-1
-1
-1
-1
5233
-1
-1
-1
-1
-1
-1
-1
-1
-1
-1
-1
-1
-1
-1
-1
-1
-1
-1
-1
-1
7805
-1
-1
-1
-1
16807
-1
-1
8858
-1
-1
-1
-1
-1
-1
-1
-1
-1
-1
-1
7673
-1
-1
-1
-1
-1
-1
-1
-1
-1
9194
-1
-1
-1
-1
-1
-1
-1
-1
-1
-1
-1
-1
-1
-1
-1
-1
18596
-1
-1
-1
-1
-1
9357
-1
-1
5144
-1
-1
-1
-1
-1
-1
-1
-1
-1
-1
-1
-1
3980
-1
-1
-1
-1
-1
-1
-1
-1
-1
4035
-1
8319
-1
-1
3798
7812
-1
-1
-1
-1
-1
-1
-1
-1
-1
-1
-1
-1
-1
-1
-1
-1
-1
-1
-1
-1
-1
8444
-1
8513
-1
-1
7015
7823
-1
-1
-1
-1
-1
-1
6645
-1
7834
-1
-1
-1
-1
-1
-1
-1
-1
-1
7999
-1
-1
-1
-1
-1
-1
-1
-1
16451
-1
-1
-1
-1
-1
-1
-1
-1
-1
-1
-1
-1
9261
-1
-1
9498
-1
-1
-1
-1
7673
-1
-1
-1
-1
-1
-1
-1
-1
-1
-1
-1
-1
-1
-1
-1
8731
-1
-1
-1
-1
-1
-1
-1
-1
-1
-1
-1
-1
-1
-1
-1
8243
-1
-1
-1
-1
7736
-1
-1
-1
-1
-1
-1
-1
-1
-1
-1
-1
3947
-1
-1
6769
-1
-1
-1
-1
-1
-1
-1
-1
-1
-1
-1
-1
-1
-1
-1
-1
-1
8244
-1
-1
8171
-1
-1
-1
-1
-1
-1
8818
-1
-1
-1
-1
-1
-1
-1
-1
-1
-1
-1
-1
8950
6558
-1
7933
8555
-1
-1
-1
-1
-1
-1
-1
-1
7740
-1
-1
-1
-1
-1
-1
-1
-1
-1
-1
-1
-1
-1
-1
-1
-1
-1
-1
3465
-1
8415
-1
-1
8156
-1
-1
-1
-1
-1
-1
-1
-1
-1
6277
-1
10737
-1
7183
-1
6064
-1
-1
-1
-1
-1
5993
-1
-1
-1
-1
-1
-1
-1
-1
-1
-1
-1
-1
-1
-1
-1
-1
-1
-1
-1
-1
4987
-1
-1
-1
-1
-1
-1
-1
-1
-1
9412
-1
4797
-1
-1
-1
-1
8330
-1
-1
-1
-1
-1
-1
-1
-1
-1
-1
-1
-1
-1
4675
8194
9516
-1
-1
-1
-1
-1
-1
-1
-1
-1
9566
-1
-1
-1
-1
13459
-1
-1
-1
-1
8743
-1
-1
9119
-1
-1
9204
-1
-1
-1
-1
-1
6989
-1
-1
5284
-1
-1
5713
-1
-1
-1
-1
-1
-1
-1
-1
-1
-1
-1
-1
4573
-1
-1
-1
5122
-1
-1
-1
-1
-1
-1
-1
-1
-1
-1
-1
-1
-1
-1
-1
-1
-1
4751
7722
-1
-1
-1
-1
-1
-1
-1
7046
-1
-1
-1
-1
-1
-1
-1
-1
-1
-1
7805
-1
4645
16719
-1
-1
-1
-1
-1
-1
-1
-1
3346
-1
-1
-1
-1
-1
-1
-1
-1
-1
-1
-1
7863
4645
-1
-1
-1
-1
-1
5410
-1
-1
-1
-1
-1
-1
-1
-1
-1
-1
-1
-1
-1
-1
-1
-1
-1
-1
16533
-1
4383
-1
-1
-1
-1
-1
-1
-1
-1
-1
-1
-1
-1
8187
-1
-1
-1
-1
-1
-1
-1
7776
8536
-1
-1
-1
-1
-1
-1
-1
-1
-1
8263
-1
-1
-1
-1
-1
-1
-1
7665
-1
-1
8992
-1
5890
-1
-1
-1
-1
-1
-1
-1
-1
-1
-1
-1
-1
-1
-1
-1
-1
-1
-1
-1
-1
-1
-1
-1
4830
-1
7806
-1
7384
8319
-1
-1
-1
-1
-1
-1
-1
-1
-1
-1
4917
7855
-1
-1
3795
-1
-1
-1
7514
-1
-1
-1
7972
-1
-1
-1
-1
7205
-1
-1
-1
8334
7934
-1
-1
-1
-1
16707
-1
-1
-1
-1
-1
-1
-1
-1
4375
-1
-1
-1
-1
-1
-1
-1
-1
-1
-1
-1
-1
-1
-1
7731
-1
-1
-1
-1
-1
-1
-1
7845
-1
-1
-1
-1
-1
-1
-1
-1
6998
-1
8130
8724
6935
-1
-1
-1
-1
-1
7193
-1
-1
-1
-1
-1
7861
-1
-1
5063
-1
-1
-1
-1
-1
-1
-1
-1
-1
-1
-1
-1
7849
-1
-1
-1
-1
7647
7729
-1
-1
-1
-1
-1
6842
9152
-1
4181
-1
-1
-1
-1
7204
-1
-1
-1
-1
-1
-1
-1
-1
-1
-1
-1
-1
7002
-1
-1
-1
-1
-1
-1
-1
-1
-1
-1
7553
7579
-1
8370
-1
-1
-1
7806
-1
-1
-1
-1
-1
10489
-1
-1
9474
-1
4765
4461
7443
-1
-1
-1
-1
-1
-1
-1
-1
-1
-1
-1
-1
-1
-1
-1
-1
-1
-1
-1
-1
-1
-1
-1
-1
4941
-1
-1
-1
-1
-1
-1
-1
-1
-1
-1
-1
7877
7779
7982
-1
8306
-1
-1
-1
-1
5181
-1
9105
-1
-1
8378
-1
-1
-1
-1
-1
-1
-1
-1
-1
-1
8474
-1
-1
-1
7520
-1
-1
-1
-1
-1
6932
-1
-1
-1
-1
-1
-1
-1
-1
-1
-1
-1
12039
-1
-1
-1
-1
-1
-1
-1
-1
-1
-1
-1
-1
8164
-1
-1
-1
-1
-1
-1
-1
-1
-1
-1
-1
-1
-1
-1
-1
-1
-1
-1
-1
-1
-1
-1
-1
-1
8872
-1
-1
-1
-1
6968
-1
-1
-1
-1
-1
-1
-1
-1
-1
-1
-1
-1
-1
-1
-1
7319
8224
7555
-1
8792
-1
-1
9375
-1
-1
-1
-1
7547
-1
8114
-1
8328
-1
-1
-1
-1
-1
8711
-1
-1
-1
-1
-1
-1
-1
-1
-1
-1
-1
-1
-1
-1
-1
-1
-1
-1
-1
-1
-1
9843
-1
-1
-1
-1
-1
5559
-1
-1
-1
-1
-1
-1
-1
-1
-1
8247
-1
-1
-1
7516
-1
9404
-1
-1
-1
-1
-1
-1
-1
-1
4459
-1
7742
-1
-1
-1
-1
-1
-1
-1
8232
8947
7433
-1
-1
-1
-1
-1
-1
-1
-1
-1
-1
-1
-1
8104
-1
-1
-1
-1
8688
8571
-1
-1
-1
-1
-1
-1
5048
8161
5256
-1
-1
-1
-1
-1
-1
-1
-1
-1
-1
9201
-1
-1
-1
8691
-1
-1
-1
-1
-1
-1
-1
-1
-1
-1
-1
-1
8480
-1
-1
-1
-1
-1
-1
-1
-1
-1
-1
-1
-1
-1
8706
-1
-1
-1
-1
-1
-1
-1
-1
-1
-1
-1
-1
-1
9676
-1
-1
-1
-1
-1
-1
-1
-1
-1
-1
-1
-1
-1
-1
-1
7722
-1
-1
-1
-1
-1
-1
-1
-1
-1
-1
-1
-1
-1
-1
-1
-1
-1
-1
7369
-1
-1
-1
-1
-1
-1
8789
6988
7308
-1
-1
-1
-1
-1
-1
-1
-1
7764
-1
-1
-1
-1
7369
-1
-1
-1
-1
-1
-1
-1
-1
-1
-1
-1
-1
-1
-1
8560
-1
-1
-1
-1
-1
-1
-1
-1
7942
-1
-1
-1
7942
-1
-1
-1
-1
7936
-1
-1
-1
-1
-1
-1
-1
-1
-1
-1
-1
7299
-1
-1
-1
-1
-1
-1
9094
-1
-1
-1
-1
-1
-1
-1
-1
-1
-1
-1
-1
-1
-1
9034
8305
-1
-1
-1
-1
-1
-1
-1
-1
-1
4827
-1
-1
-1
4138
8151
-1
-1
-1
-1
-1
-1
-1
-1
-1
3723
8275
-1
-1
-1
-1
7022
-1
4324
-1
9043
-1
-1
-1
-1
-1
-1
-1
-1
6111
-1
7439
-1
-1
-1
-1
-1
-1
-1
7754
-1
-1
-1
-1
-1
-1
-1
-1
-1
-1
-1
-1
-1
-1
-1
-1
7537
-1
-1
7690
-1
-1
-1
7846
8286
-1
-1
6331
5416
-1
-1
-1
-1
-1
4224
-1
-1
-1
-1
-1
-1
-1
-1
-1
-1
-1
-1
-1
-1
-1
-1
-1
-1
-1
8615
-1
-1
-1
-1
-1
-1
-1
-1
-1
-1
-1
-1
7033
-1
-1
-1
-1
-1
-1
-1
-1
7751
-1
7924
-1
-1
-1
-1
-1
-1
-1
-1
-1
-1
-1
-1
-1
-1
-1
-1
6996
-1
-1
7806
-1
-1
-1
-1
-1
-1
-1
-1
7391
-1
-1
7256
-1
7411
-1
-1
-1
-1
-1
-1
-1
-1
-1
-1
6960
-1
8728
-1
-1
-1
-1
-1
-1
-1
-1
-1
-1
-1
-1
-1
-1
-1
-1
-1
-1
-1
-1
8667
-1
-1
-1
-1
-1
-1
-1
14789
-1
-1
-1
-1
7445
-1
-1
7797
-1
15737
-1
-1
-1
-1
7839
-1
-1
-1
-1
-1
-1
-1
-1
-1
-1
-1
7111
7761
-1
-1
-1
16202
7377
7553
-1
-1
-1
-1
7929
-1
9131
-1
-1
-1
5135
-1
-1
-1
-1
-1
-1
-1
7384
-1
9036
-1
-1
-1
-1
-1
-1
-1
-1
7729
-1
-1
-1
7487
-1
-1
-1
-1
-1
7451
-1
-1
4936
-1
-1
6601
-1
-1
-1
-1
-1
-1
7797
-1
-1
-1
-1
-1
7585
7742
-1
-1
-1
-1
-1
-1
-1
-1
-1
-1
-1
-1
-1
-1
-1
-1
-1
-1
-1
-1
-1
-1
-1
-1
-1
-1
-1
-1
-1
-1
-1
-1
-1
-1
-1
-1
-1
-1
-1
-1
-1
-1
-1
-1
-1
-1
-1
-1
-1
7059
-1
-1
-1
-1
8677
-1
-1
-1
-1
-1
-1
-1
-1
-1
-1
-1
-1
-1
8283
-1
7544
6877
-1
-1
-1
-1
-1
-1
9012
-1
6671
-1
-1
-1
-1
-1
-1
7374
-1
-1
-1
-1
-1
-1
-1
-1
-1
-1
-1
-1
-1
-1
-1
-1
-1
-1
-1
-1
-1
7527
-1
-1
-1
8022
-1
-1
-1
-1
-1
-1
-1
-1
-1
-1
8332
-1
-1
7929
-1
-1
-1
-1
-1
-1
-1
-1
5008
-1
-1
-1
-1
-1
-1
-1
5229
-1
-1
-1
-1
-1
-1
-1
8615
-1
-1
-1
-1
7076
-1
-1
-1
-1
-1
-1
-1
-1
-1
8132
-1
8084
-1
-1
-1
-1
-1
-1
-1
-1
5117
-1
-1
-1
-1
-1
-1
-1
-1
-1
-1
5511
8200
7785
-1
-1
-1
8076
8460
-1
-1
7764
8683
-1
-1
-1
-1
8070
-1
-1
-1
6842
-1
-1
-1
-1
-1
-1
7968
-1
-1
-1
-1
-1
-1
-1
-1
-1
-1
-1
-1
-1
-1
7520
3918
-1
-1
-1
8242
9184
-1
-1
-1
-1
-1
-1
8695
-1
-1
8425
-1
-1
-1
-1
-1
5761
-1
-1
8545
-1
-1
7150
-1
-1
-1
-1
8050
-1
-1
-1
8192
-1
-1
-1
-1
-1
-1
-1
-1
-1
-1
-1
-1
-1
-1
-1
-1
-1
-1
-1
-1
-1
-1
-1
-1
-1
-1
-1
-1
-1
-1
-1
8336
-1
-1
-1
-1
-1
-1
-1
-1
-1
-1
-1
-1
-1
-1
-1
-1
-1
4750
-1
-1
15109
-1
-1
-1
-1
-1
-1
-1
-1
-1
-1
-1
-1
-1
-1
-1
-1
-1
-1
-1
-1
6846
8042
-1
-1
-1
-1
-1
-1
8225
4312
-1
-1
-1
-1
-1
-1
-1
-1
7428
-1
4742
7373
-1
-1
-1
-1
-1
8222
-1
6772
4676
-1
4071
-1
-1
-1
-1
-1
-1
-1
-1
5096
-1
9456
-1
-1
-1
-1
-1
-1
-1
-1
-1
-1
-1
5461
-1
-1
-1
-1
8491
-1
-1
-1
7074
5450
-1
-1
-1
-1
-1
-1
-1
-1
-1
-1
-1
4195
-1
-1
-1
-1
8615
-1
-1
7817
-1
-1
-1
-1
-1
-1
-1
7092
-1
-1
-1
-1
-1
-1
-1
-1
-1
-1
-1
-1
-1
7834
-1
-1
-1
-1
-1
-1
-1
-1
7156
-1
-1
-1
-1
-1
-1
-1
-1
6976
-1
-1
-1
-1
8498
-1
-1
-1
15355
7555
6615
4650
-1
-1
-1
-1
-1
-1
-1
-1
-1
7549
-1
-1
-1
-1
-1
-1
-1
-1
-1
-1
-1
-1
3383
-1
-1
-1
-1
-1
-1
-1
-1
-1
-1
-1
-1
8187
-1
-1
-1
-1
-1
-1
-1
-1
8668
-1
-1
-1
-1
-1
-1
-1
7482
-1
7320
5421
-1
-1
-1
-1
-1
7671
-1
-1
-1
-1
-1
-1
-1
-1
-1
-1
-1
-1
-1
-1
8945
-1
-1
-1
-1
-1
-1
7215
-1
-1
-1
-1
-1
-1
-1
-1
-1
5111
-1
-1
-1
-1
-1
-1
-1
-1
-1
-1
-1
-1
7181
-1
7359
-1
-1
-1
-1
-1
4860
-1
-1
-1
-1
-1
-1
-1
-1
-1
-1
-1
-1
-1
-1
-1
8240
-1
-1
-1
-1
-1
-1
-1
-1
-1
-1
-1
7375
-1
-1
-1
-1
-1
-1
-1
-1
3727
-1
-1
-1
-1
-1
-1
-1
-1
-1
-1
-1
-1
-1
4656
-1
-1
-1
-1
-1
-1
-1
-1
-1
-1
-1
-1
-1
6836
-1
13884
-1
-1
-1
-1
-1
-1
-1
-1
7675
-1
-1
-1
-1
-1
-1
-1
-1
-1
-1
-1
-1
8123
-1
-1
-1
-1
7152
-1
-1
-1
-1
-1
-1
-1
-1
-1
-1
-1
-1
-1
-1
-1
7972
-1
-1
7146
4051
-1
-1
-1
-1
-1
-1
-1
-1
-1
-1
-1
-1
-1
7360
4055
8871
-1
-1
-1
-1
-1
7240
4800
-1
7230
-1
-1
-1
-1
-1
11425
-1
-1
4081
-1
-1
-1
-1
-1
-1
8319
-1
-1
-1
-1
7697
7761
-1
-1
-1
-1
-1
-1
-1
-1
-1
-1
-1
-1
-1
-1
-1
-1
-1
-1
-1
-1
-1
-1
-1
8091
-1
7439
-1
-1
8402
7551
-1
-1
-1
-1
-1
5269
-1
7562
-1
-1
-1
-1
-1
6988
-1
-1
-1
-1
-1
-1
-1
8202
-1
6651
-1
-1
-1
-1
-1
-1
-1
-1
-1
6956
-1
-1
-1
-1
-1
-1
-1
-1
-1
-1
-1
-1
7469
-1
-1
-1
-1
4208
-1
-1
7376
-1
-1
-1
-1
-1
-1
-1
8365
-1
-1
-1
-1
-1
-1
20413
-1
8340
8844
-1
-1
-1
-1
-1
8054
-1
-1
-1
-1
3751
-1
-1
-1
-1
-1
-1
-1
-1
7026
-1
-1
7914
-1
8210
4753
-1
-1
18602
3560
-1
-1
8150
7043
-1
-1
-1
-1
-1
-1
7394
3863
-1
-1
-1
7254
-1
-1
8030
-1
-1
-1
-1
-1
7370
-1
-1
-1
-1
-1
-1
-1
-1
8105
-1
-1
-1
-1
-1
-1
-1
-1
-1
-1
-1
7373
-1
-1
-1
-1
-1
-1
-1
-1
-1
-1
-1
-1
-1
-1
-1
7376
-1
-1
-1
-1
-1
-1
-1
-1
-1
5225
-1
-1
7295
-1
-1
4593
-1
-1
-1
-1
-1
-1
3727
-1
-1
8436
-1
6842
-1
8463
3689
-1
3362
8946
-1
-1
-1
-1
-1
-1
6839
-1
-1
-1
-1
-1
-1
3331
-1
-1
-1
-1
-1
-1
-1
6985
7731
-1
-1
-1
-1
-1
-1
-1
-1
-1
-1
-1
-1
-1
11192
-1
-1
-1
-1
9683
-1
-1
-1
-1
-1
-1
-1
8996
9168
8440
-1
-1
-1
-1
-1
-1
7660
-1
-1
-1
-1
7754
-1
-1
-1
-1
-1
-1
-1
-1
-1
-1
-1
-1
-1
-1
-1
-1
-1
-1
-1
-1
-1
-1
-1
-1
-1
-1
-1
4920
-1
-1
-1
-1
-1
-1
-1
-1
-1
-1
-1
-1
-1
-1
-1
-1
-1
-1
-1
-1
-1
-1
-1
-1
-1
-1
-1
-1
-1
-1
6718
-1
-1
-1
-1
-1
-1
-1
-1
7992
-1
-1
8184
-1
-1
-1
-1
-1
-1
-1
-1
-1
-1
-1
-1
-1
-1
-1
-1
-1
-1
-1
-1
-1
-1
-1
-1
-1
-1
4651
-1
-1
8840
8264
-1
4860
-1
-1
-1
-1
8117
4640
-1
-1
-1
-1
-1
-1
-1
-1
-1
-1
-1
-1
-1
-1
-1
-1
-1
5441
6757
-1
-1
-1
-1
-1
-1
-1
-1
-1
-1
5030
-1
-1
7712
-1
5593
-1
-1
-1
-1
-1
-1
-1
4511
-1
-1
-1
-1
-1
-1
-1
-1
-1
-1
-1
-1
-1
-1
-1
-1
-1
-1
-1
-1
-1
-1
-1
-1
-1
-1
-1
-1
6666
-1
8128
-1
-1
-1
-1
8287
-1
-1
-1
7156
6536
-1
-1
-1
-1
-1
-1
-1
-1
-1
-1
-1
-1
-1
-1
-1
-1
-1
-1
-1
7129
-1
-1
-1
-1
4051
-1
10263
-1
-1
-1
-1
-1
-1
-1
-1
-1
-1
-1
-1
-1
9036
-1
-1
-1
-1
-1
-1
-1
-1
4324
-1
-1
-1
-1
-1
-1
-1
-1
-1
-1
4577
-1
-1
11406
9456
-1
-1
-1
-1
7574
-1
-1
-1
-1
-1
-1
-1
-1
-1
-1
-1
5662
-1
-1
7778
-1
-1
-1
-1
-1
-1
-1
-1
-1
7251
5901
-1
-1
-1
-1
-1
18197
-1
-1
-1
-1
-1
-1
-1
-1
8691
-1
-1
4387
4752
-1
8258
-1
-1
-1
-1
-1
-1
17226
-1
-1
-1
-1
-1
-1
-1
-1
-1
-1
-1
-1
-1
7877
-1
7618
-1
-1
-1
-1
-1
-1
-1
-1
-1
-1
-1
-1
-1
-1
7425
7547
-1
-1
-1
-1
-1
7093
-1
-1
-1
-1
-1
-1
-1
-1
-1
-1
-1
-1
5450
-1
7617
7395
-1
-1
5888
-1
-1
-1
-1
-1
-1
7755
8401
-1
-1
-1
-1
5277
-1
-1
-1
-1
-1
-1
9469
5011
-1
-1
8978
-1
-1
-1
-1
-1
-1
-1
-1
-1
-1
-1
-1
-1
-1
-1
8583
-1
-1
-1
-1
-1
-1
4656
-1
-1
-1
-1
-1
-1
-1
-1
-1
8274
-1
8691
-1
-1
7357
-1
-1
-1
-1
-1
-1
-1
-1
-1
-1
-1
-1
-1
-1
-1
6872
-1
-1
-1
-1
-1
-1
-1
-1
-1
-1
6808
-1
-1
7769
-1
-1
-1
-1
-1
-1
-1
-1
-1
-1
-1
-1
7522
-1
-1
-1
-1
-1
-1
-1
-1
-1
-1
-1
-1
7957
7388
-1
-1
-1
-1
-1
9383
-1
-1
10263
-1
7475
-1
-1
7614
-1
-1
8241
-1
6671
-1
-1
7637
-1
-1
-1
-1
6985
10114
-1
-1
-1
-1
-1
-1
-1
-1
-1
-1
-1
7839
7112
-1
-1
-1
-1
-1
-1
-1
-1
-1
-1
3966
-1
-1
-1
-1
-1
-1
-1
-1
-1
-1
7299
-1
-1
8592
-1
-1
-1
3482
-1
-1
-1
-1
-1
-1
7632
-1
-1
-1
-1
-1
4090
-1
-1
-1
17226
-1
-1
-1
7644
4936
-1
7963
4651
7520
-1
-1
9459
-1
3670
-1
-1
-1
-1
-1
8053
-1
5227
-1
-1
-1
-1
7172
-1
8278
7251
-1
-1
-1
-1
8063
7369
-1
-1
-1
-1
-1
-1
-1
8566
-1
7110
-1
-1
-1
7055
-1
-1
-1
-1
-1
-1
-1
-1
-1
-1
-1
-1
-1
-1
-1
-1
-1
-1
-1
5017
-1
-1
-1
-1
-1
6803
-1
-1
-1
-1
7290
-1
-1
-1
-1
-1
-1
-1
-1
-1
-1
-1
-1
-1
-1
-1
-1
-1
6550
-1
8701
7107
15941
-1
7794
-1
-1
-1
8317
-1
-1
8142
-1
-1
11286
-1
-1
-1
-1
-1
-1
7379
-1
-1
8087
-1
-1
-1
-1
-1
4375
7676
-1
5315
3531
-1
-1
-1
-1
-1
-1
-1
5231
-1
-1
-1
-1
-1
-1
-1
-1
-1
6954
-1
-1
-1
-1
-1
-1
-1
-1
-1
-1
-1
-1
7076
-1
-1
-1
-1
-1
6484
-1
7093
-1
-1
-1
-1
-1
-1
-1
-1
-1
-1
-1
-1
-1
-1
-1
-1
-1
-1
-1
4169
-1
-1
-1
-1
-1
-1
8007
-1
-1
-1
-1
-1
-1
-1
9186
7811
-1
-1
-1
-1
-1
9426
-1
-1
-1
-1
6898
6855
-1
-1
-1
-1
-1
-1
-1
8136
-1
-1
-1
-1
-1
-1
10588
-1
-1
4661
7184
-1
-1
-1
-1
-1
-1
-1
-1
-1
-1
7592
-1
4905
-1
4179
7065
7467
-1
7494
-1
-1
-1
5944
-1
-1
-1
-1
-1
-1
-1
-1
-1
-1
-1
-1
-1
-1
-1
-1
-1
-1
4398
-1
-1
-1
-1
-1
-1
7907
-1
-1
-1
-1
-1
-1
-1
-1
7290
-1
-1
-1
-1
-1
-1
-1
-1
-1
-1
-1
-1
-1
-1
6803
-1
-1
-1
4372
-1
-1
7707
7065
6286
-1
-1
-1
8030
-1
-1
-1
-1
8945
-1
-1
-1
-1
-1
-1
-1
-1
5987
7041
-1
-1
-1
-1
-1
-1
-1
-1
-1
-1
-1
-1
-1
-1
-1
-1
-1
-1
-1
-1
-1
-1
-1
-1
5249
3699
7118
5533
-1
3699
14525
-1
-1
-1
-1
7282
-1
-1
5349
-1
6556
6932
-1
-1
6453
-1
-1
-1
-1
-1
-1
6683
-1
-1
-1
-1
-1
-1
6976
-1
-1
8670
-1
7146
8878
-1
-1
4377
-1
-1
-1
-1
-1
-1
-1
-1
-1
-1
-1
-1
-1
-1
-1
-1
-1
-1
-1
-1
-1
-1
-1
-1
-1
-1
-1
-1
-1
-1
-1
9591
-1
9926
-1
-1
-1
-1
-1
-1
-1
6032
10723
-1
3622
-1
-1
-1
7391
-1
-1
-1
-1
-1
8353
-1
-1
-1
-1
-1
-1
-1
-1
7090
-1
-1
-1
-1
-1
-1
-1
-1
-1
-1
7777
-1
-1
-1
-1
-1
6634
-1
7558
-1
-1
8646
-1
-1
7872
-1
-1
7556
-1
-1
-1
-1
-1
-1
-1
-1
-1
-1
-1
20651
-1
-1
-1
-1
9080
7382
13399
-1
8408
-1
6534
3733
-1
-1
-1
-1
-1
-1
-1
-1
-1
-1
-1
-1
-1
-1
-1
-1
-1
-1
-1
3678
-1
4570
-1
-1
-1
-1
-1
-1
-1
-1
-1
-1
-1
-1
-1
7350
-1
-1
-1
-1
6572
-1
7133
-1
-1
7665
8243
4574
-1
-1
-1
-1
-1
5808
13845
9450
4392
8651
-1
4324
-1
-1
-1
-1
-1
-1
-1
-1
-1
-1
7113
9615
7075
8075
-1
7459
-1
-1
-1
-1
-1
-1
-1
-1
-1
-1
-1
-1
-1
-1
-1
-1
6688
-1
-1
-1
21590
-1
-1
-1
-1
-1
-1
9474
-1
7741
-1
8050
-1
3380
3531
8425
-1
-1
-1
-1
-1
-1
-1
-1
-1
-1
-1
-1
4239
-1
-1
16928
8241
-1
-1
-1
-1
-1
-1
-1
8285
-1
-1
-1
16380
16451
-1
-1
-1
-1
-1
-1
-1
-1
-1
-1
5673
-1
3974
-1
-1
-1
-1
-1
-1
-1
7971
-1
-1
6924
-1
-1
8255
-1
-1
7426
-1
-1
-1
-1
-1
-1
7194
6223
-1
-1
-1
-1
-1
-1
-1
-1
-1
-1
-1
-1
-1
8332
16426
-1
10073
-1
-1
-1
15731
-1
-1
-1
-1
-1
-1
-1
-1
-1
-1
-1
6826
-1
-1
6482
-1
-1
-1
-1
-1
-1
-1
8075
-1
-1
-1
-1
-1
-1
7368
3853
-1
-1
-1
-1
-1
-1
-1
-1
-1
-1
-1
-1
-1
-1
-1
-1
-1
-1
-1
-1
6892
-1
-1
-1
8171
-1
-1
-1
-1
-1
-1
8230
-1
7771
-1
-1
7369
-1
8904
-1
-1
-1
-1
4818
-1
-1
5048
6588
-1
-1
-1
5123
-1
-1
7547
-1
-1
-1
-1
-1
-1
-1
-1
-1
-1
8359
-1
-1
-1
5870
-1
-1
-1
-1
-1
-1
-1
-1
-1
-1
-1
-1
-1
-1
9152
-1
-1
-1
-1
-1
-1
-1
-1
-1
-1
-1
-1
-1
-1
-1
-1
-1
-1
7348
7111
8519
-1
-1
-1
8310
-1
8080
-1
-1
-1
-1
-1
-1
-1
7547
-1
-1
-1
-1
-1
-1
7522
-1
-1
-1
-1
-1
-1
-1
-1
-1
-1
-1
-1
-1
-1
8682
-1
-1
-1
-1
8444
-1
-1
-1
-1
-1
5271
-1
-1
6966
9164
-1
-1
-1
-1
-1
-1
-1
-1
-1
-1
-1
-1
-1
-1
-1
-1
-1
-1
-1
-1
-1
-1
6776
-1
-1
-1
7233
-1
-1
-1
-1
-1
7369
-1
-1
6343
-1
-1
-1
7120
-1
-1
-1
-1
-1
-1
-1
-1
-1
-1
-1
-1
6777
-1
-1
-1
-1
-1
-1
-1
-1
-1
-1
-1
-1
-1
6543
-1
-1
7925
-1
-1
-1
-1
6166
-1
3156
-1
-1
-1
-1
-1
-1
-1
-1
-1
-1
6525
-1
4429
-1
-1
-1
8494
5008
-1
6994
8493
-1
-1
4217
-1
-1
-1
-1
-1
7645
-1
-1
-1
-1
-1
15592
-1
-1
6422
-1
-1
6466
-1
7971
-1
-1
-1
-1
-1
-1
-1
-1
8799
-1
-1
-1
-1
-1
-1
-1
4025
5653
-1
-1
-1
-1
-1
-1
-1
-1
-1
7713
-1
-1
-1
-1
-1
-1
-1
-1
7065
-1
-1
-1
-1
-1
7360
-1
7839
-1
-1
9276
-1
-1
-1
-1
-1
-1
5070
-1
-1
-1
-1
-1
7095
-1
-1
-1
-1
-1
-1
-1
-1
6510
-1
-1
-1
7533
-1
-1
7610
-1
-1
16957
8887
-1
-1
-1
-1
-1
-1
-1
7751
7069
-1
-1
-1
-1
7779
7034
-1
6660
-1
-1
-1
8739
-1
-1
-1
9615
7610
-1
3669
-1
-1
-1
-1
8830
-1
-1
3299
-1
6806
-1
-1
15454
-1
-1
-1
-1
-1
-1
-1
6032
-1
-1
-1
-1
-1
-1
-1
-1
-1
-1
6298
-1
6325
-1
6129
4087
7271
-1
-1
-1
-1
-1
-1
-1
-1
-1
6644
-1
6319
-1
6804
-1
8565
-1
4005
8579
7007
-1
-1
7724
-1
-1
-1
-1
-1
-1
-1
-1
-1
-1
-1
4395
-1
-1
-1
-1
-1
7615
-1
-1
-1
-1
-1
-1
-1
-1
14099
-1
-1
-1
-1
-1
8200
-1
-1
-1
-1
-1
-1
-1
-1
-1
6938
-1
-1
-1
-1
-1
-1
-1
6671
-1
8930
-1
-1
-1
-1
5596
-1
8997
-1
-1
-1
-1
-1
-1
-1
-1
8665
-1
-1
16771
-1
-1
-1
6756
8100
-1
6637
-1
-1
8401
-1
-1
-1
-1
7665
-1
4071
-1
-1
-1
-1
-1
-1
5231
7676
-1
-1
-1
-1
-1
-1
-1
-1
-1
-1
7740
-1
4246
-1
-1
-1
-1
-1
7094
-1
-1
-1
-1
-1
-1
7329
-1
-1
-1
-1
-1
8025
-1
8578
-1
-1
-1
-1
-1
7425
-1
-1
-1
-1
7445
7993
-1
-1
-1
-1
-1
-1
-1
-1
-1
-1
-1
-1
-1
5471
-1
-1
-1
-1
-1
4025
7710
8683
15355
-1
-1
-1
-1
-1
6751
5017
-1
-1
-1
7215
4334
7971
6849
-1
-1
-1
7670
-1
-1
-1
9697
8384
-1
-1
-1
-1
7964
-1
7273
-1
-1
-1
-1
-1
-1
-1
-1
-1
-1
-1
8000
-1
4752
-1
-1
-1
-1
-1
7757
-1
7004
-1
-1
-1
6544
-1
-1
-1
-1
-1
-1
-1
-1
8363
-1
6486
-1
-1
-1
-1
-1
-1
-1
-1
-1
-1
-1
-1
-1
7720
-1
-1
6612
-1
-1
-1
-1
-1
8285
-1
-1
-1
-1
-1
-1
-1
-1
7768
-1
-1
-1
-1
-1
16115
-1
-1
-1
7220
-1
-1
-1
-1
-1
-1
8056
-1
-1
-1
-1
7683
-1
-1
7388
5515
-1
-1
7350
-1
-1
9265
-1
-1
-1
-1
-1
-1
-1
-1
8400
7729
-1
-1
7431
-1
-1
-1
-1
-1
-1
8317
-1
-1
-1
-1
-1
-1
6079
-1
-1
-1
13693
-1
-1
-1
-1
-1
-1
6806
-1
-1
-1
13290
-1
-1
-1
-1
-1
-1
-1
-1
-1
-1
-1
7798
-1
-1
-1
8083
-1
7690
-1
-1
-1
-1
-1
-1
-1
6819
5633
-1
-1
6975
3878
-1
-1
-1
-1
7312
5817
-1
-1
-1
-1
-1
-1
-1
-1
5114
-1
-1
-1
6711
-1
-1
7569
6330
3666
-1
-1
6500
-1
-1
-1
8411
-1
-1
-1
-1
7776
-1
4258
8280
-1
8402
-1
-1
-1
-1
-1
-1
-1
6511
-1
-1
-1
-1
-1
-1
-1
-1
-1
-1
-1
8229
8827
-1
-1
-1
-1
-1
-1
-1
7300
-1
7634
-1
-1
7520
7777
5404
-1
-1
-1
8339
-1
-1
-1
-1
-1
-1
-1
-1
6618
7673
-1
-1
-1
-1
9994
-1
-1
-1
-1
-1
-1
-1
-1
7413
-1
-1
7893
-1
-1
7953
-1
8031
7192
-1
-1
-1
-1
-1
-1
3333
-1
-1
-1
3207
3894
-1
-1
-1
10119
-1
6588
-1
-1
-1
-1
-1
-1
5953
3802
-1
7914
-1
-1
-1
-1
-1
-1
-1
7659
-1
-1
5297
-1
-1
-1
-1
-1
-1
-1
7263
-1
-1
-1
-1
-1
-1
-1
-1
-1
-1
-1
7650
-1
-1
-1
-1
-1
6576
-1
-1
7368
-1
7787
13012
-1
-1
-1
-1
6442
6216
-1
-1
-1
6477
-1
-1
-1
-1
5199
7491
-1
-1
-1
-1
-1
-1
-1
-1
-1
-1
-1
-1
8112
7309
9538
-1
-1
7391
-1
-1
-1
-1
-1
-1
-1
-1
-1
-1
-1
-1
-1
-1
6930
7552
-1
7066
-1
4487
-1
-1
-1
-1
-1
-1
4961
-1
7276
-1
6184
-1
-1
-1
6674
-1
-1
-1
-1
-1
-1
-1
-1
-1
-1
-1
-1
-1
-1
-1
-1
-1
-1
-1
-1
-1
-1
-1
7040
7261
-1
4997
6918
-1
-1
-1
-1
-1
-1
-1
6932
-1
-1
-1
-1
-1
-1
-1
-1
-1
-1
-1
-1
3878
9243
-1
-1
-1
-1
-1
6988
-1
5958
7906
-1
7571
7593
7124
7768
-1
-1
-1
6621
-1
-1
8933
-1
-1
6419
-1
-1
-1
-1
-1
-1
-1
-1
-1
-1
-1
-1
13296
-1
7343
-1
8013
-1
-1
7288
-1
-1
-1
-1
-1
-1
-1
-1
-1
-1
7259
-1
-1
-1
-1
-1
-1
-1
-1
-1
-1
-1
-1
-1
-1
-1
-1
-1
-1
-1
-1
-1
-1
-1
7797
-1
6716
-1
-1
-1
5766
6607
-1
-1
-1
4632
-1
-1
-1
-1
-1
-1
-1
-1
-1
6759
-1
6960
-1
-1
-1
-1
-1
-1
-1
-1
-1
8150
4517
-1
-1
-1
13295
-1
-1
-1
-1
-1
-1
6670
-1
-1
-1
-1
6375
-1
-1
-1
8858
-1
7757
-1
-1
-1
-1
-1
-1
-1
-1
-1
-1
-1
4545
-1
-1
-1
-1
-1
3611
-1
-1
-1
-1
-1
-1
-1
-1
-1
-1
7942
-1
-1
-1
-1
-1
-1
-1
-1
-1
3419
-1
-1
6637
-1
-1
-1
-1
-1
-1
-1
12039
7773
-1
-1
-1
6051
-1
-1
-1
-1
-1
-1
-1
7239
-1
-1
-1
-1
-1
7010
-1
-1
-1
-1
-1
-1
-1
-1
-1
-1
4663
-1
6339
6790
-1
-1
7512
-1
-1
-1
6171
-1
-1
-1
-1
-1
-1
-1
-1
-1
-1
-1
-1
-1
-1
-1
-1
6307
-1
-1
-1
-1
-1
-1
-1
-1
-1
-1
-1
-1
6087
-1
6515
-1
5486
6651
-1
7222
-1
-1
-1
-1
-1
6492
-1
-1
5976
3351
-1
-1
7077
-1
-1
9023
-1
13290
-1
-1
-1
-1
-1
-1
-1
-1
6656
-1
-1
-1
-1
-1
-1
3996
-1
-1
-1
5964
-1
-1
-1
-1
-1
8087
-1
-1
-1
-1
-1
-1
-1
-1
6653
-1
-1
-1
6634
-1
-1
-1
-1
-1
-1
2802
6312
-1
-1
-1
5331
-1
-1
-1
-1
-1
7125
6599
8167
-1
-1
-1
13290
-1
-1
-1
-1
-1
-1
-1
-1
-1
-1
8545
-1
7482
-1
-1
-1
-1
-1
18197
-1
-1
-1
-1
-1
-1
-1
-1
-1
-1
6194
-1
-1
-1
13614
-1
6022
5834
-1
-1
8287
-1
-1
-1
-1
-1
-1
-1
-1
-1
7057
-1
-1
-1
6543
-1
-1
-1
-1
-1
-1
8109
-1
-1
-1
-1
-1
-1
-1
-1
-1
-1
-1
-1
15332
7903
8066
-1
6606
8872
-1
6984
8101
-1
-1
3950
-1
3798
-1
-1
6656
-1
-1
-1
6319
-1
-1
-1
-1
-1
-1
-1
-1
-1
-1
-1
-1
-1
-1
-1
-1
-1
-1
-1
-1
-1
-1
-1
5793
-1
-1
-1
-1
-1
-1
-1
-1
-1
-1
-1
7675
6522
-1
-1
-1
-1
-1
-1
-1
-1
-1
21086
-1
-1
7748
-1
7113
-1
8711
-1
7705
3356
7092
-1
-1
-1
7634
-1
-1
-1
-1
-1
5091
-1
-1
-1
-1
16472
-1
7311
-1
-1
7280
-1
-1
-1
-1
-1
6310
6312
-1
-1
-1
-1
-1
-1
-1
-1
-1
-1
-1
-1
6785
-1
-1
-1
-1
-1
-1
-1
-1
-1
11730
-1
-1
-1
-1
-1
-1
-1
-1
-1
-1
-1
-1
7087
-1
-1
-1
-1
-1
-1
-1
6300
-1
-1
-1
5964
-1
-1
-1
-1
7403
-1
-1
-1
6356
-1
-1
-1
-1
-1
-1
-1
-1
-1
8318
8817
4096
-1
-1
-1
-1
-1
-1
-1
-1
-1
-1
7333
-1
-1
3517
-1
-1
-1
-1
-1
-1
-1
7494
-1
-1
-1
-1
7064
-1
-1
6905
-1
-1
-1
-1
-1
-1
-1
-1
-1
-1
-1
-1
-1
-1
14642
-1
-1
-1
-1
-1
4042
-1
-1
-1
7353
7011
6512
-1
6997
-1
-1
7707
-1
-1
-1
-1
2958
6968
-1
-1
7992
-1
6249
3552
7190
-1
-1
-1
-1
-1
-1
-1
-1
-1
-1
-1
-1
-1
-1
-1
8444
-1
-1
-1
-1
-1
-1
7717
4988
-1
-1
7665
-1
-1
-1
8124
-1
-1
6747
-1
-1
-1
-1
-1
-1
-1
-1
3676
7574
-1
16274
4470
-1
-1
-1
-1
7138
-1
-1
-1
6588
-1
-1
-1
4960
-1
6697
8189
-1
3925
9357
-1
-1
8747
-1
-1
-1
-1
8171
-1
5816
-1
-1
-1
8519
-1
-1
-1
-1
-1
-1
-1
-1
-1
-1
-1
-1
-1
-1
-1
6096
8087
-1
3795
-1
-1
-1
-1
5236
-1
-1
-1
3351
-1
-1
-1
6895
-1
-1
-1
-1
-1
-1
-1
-1
-1
6530
-1
-1
-1
-1
14224
-1
-1
7649
-1
6480
-1
-1
9199
-1
-1
-1
-1
7251
-1
-1
-1
-1
6294
6924
-1
8444
-1
6325
-1
6184
-1
-1
6308
-1
-1
-1
-1
-1
-1
-1
-1
6797
-1
5227
-1
-1
6670
6612
-1
-1
-1
-1
-1
-1
-1
-1
-1
-1
6803
-1
-1
8978
8872
-1
-1
7178
7906
3556
-1
6386
-1
-1
-1
-1
-1
-1
-1
-1
-1
-1
-1
7544
-1
-1
-1
-1
-1
-1
7633
-1
-1
-1
-1
-1
18507
-1
-1
-1
-1
-1
7353
-1
-1
-1
-1
5616
5925
-1
-1
-1
-1
-1
-1
-1
-1
20807
-1
-1
-1
-1
-1
-1
-1
-1
-1
6084
6035
-1
-1
-1
8689
-1
-1
-1
-1
-1
-1
-1
-1
-1
-1
9498
-1
-1
6208
5347
7500
-1
-1
-1
-1
13084
6329
-1
-1
-1
-1
-1
-1
6122
-1
-1
-1
6258
3799
-1
6587
-1
-1
-1
5515
-1
-1
3698
-1
-1
-1
-1
-1
-1
7308
-1
-1
-1
-1
-1
-1
-1
-1
-1
-1
-1
-1
-1
8013
-1
-1
-1
4049
-1
-1
-1
-1
7402
-1
-1
-1
6087
-1
16606
-1
-1
-1
-1
-1
5026
-1
-1
-1
7411
3444
-1
9469
-1
-1
-1
-1
-1
-1
-1
-1
-1
7082
-1
8000
-1
-1
-1
-1
-1
7724
7206
-1
7123
-1
7057
-1
-1
-1
-1
3499
-1
-1
-1
8368
-1
-1
-1
8075
-1
-1
4169
-1
-1
-1
-1
7546
-1
6225
-1
-1
-1
-1
-1
-1
-1
-1
-1
-1
-1
-1
-1
-1
-1
8423
-1
-1
-1
-1
-1
-1
-1
-1
-1
7243
-1
8336
-1
-1
-1
-1
-1
-1
-1
5462
-1
-1
-1
-1
-1
3471
-1
-1
6501
-1
-1
3331
7078
-1
-1
-1
-1
13455
-1
6530
-1
-1
-1
-1
8083
-1
-1
-1
-1
5750
-1
-1
6509
-1
-1
-1
-1
-1
6749
-1
-1
-1
-1
-1
6612
-1
6337
-1
7672
-1
-1
-1
-1
-1
-1
-1
-1
-1
12827
7812
-1
-1
-1
-1
-1
-1
-1
-1
-1
-1
-1
-1
-1
-1
-1
-1
-1
-1
-1
-1
-1
-1
-1
-1
-1
-1
-1
-1
-1
-1
4369
8792
-1
2783
-1
-1
-1
-1
8693
-1
-1
-1
-1
-1
-1
5784
-1
-1
-1
-1
8527
-1
6573
4085
-1
-1
-1
-1
-1
6750
-1
-1
-1
-1
-1
-1
-1
7139
7626
-1
3531
-1
4398
7592
-1
-1
-1
6216
-1
-1
-1
-1
-1
-1
-1
-1
3364
-1
-1
-1
-1
-1
-1
-1
-1
-1
-1
-1
-1
-1
-1
6223
7249
-1
3415
-1
-1
-1
-1
-1
-1
-1
-1
-1
-1
-1
-1
-1
-1
-1
-1
4658
7296
-1
-1
-1
-1
-1
-1
-1
-1
8187
3325
-1
-1
-1
-1
-1
-1
-1
-1
7569
8343
-1
-1
-1
-1
6708
-1
-1
-1
-1
-1
3797
7309
6975
6931
-1
6798
-1
-1
7336
-1
5746
-1
-1
4179
-1
-1
-1
-1
-1
-1
-1
-1
4966
-1
6608
8565
-1
-1
4645
-1
-1
-1
-1
-1
4092
7756
-1
-1
-1
3952
7488
-1
-1
-1
6225
-1
-1
4743
-1
-1
-1
-1
-1
-1
-1
-1
-1
3352
-1
4656
-1
-1
-1
-1
6644
7308
-1
-1
-1
-1
-1
-1
-1
-1
-1
-1
-1
-1
-1
-1
7842
-1
-1
-1
6683
-1
-1
-1
-1
-1
-1
-1
-1
-1
-1
-1
-1
-1
4031
-1
3661
6651
-1
-1
-1
-1
7299
-1
-1
-1
7676
6914
-1
-1
-1
-1
-1
-1
-1
3156
-1
-1
-1
-1
-1
-1
-1
-1
-1
7276
-1
-1
-1
-1
-1
-1
-1
-1
-1
-1
-1
-1
-1
-1
-1
-1
-1
-1
5553
3964
-1
8711
-1
-1
6737
7412
3832
-1
-1
6583
-1
-1
-1
-1
-1
-1
5603
-1
-1
-1
-1
-1
-1
-1
-1
-1
-1
-1
-1
-1
-1
-1
-1
-1
9518
-1
-1
5139
-1
-1
-1
-1
-1
-1
-1
-1
-1
-1
4857
-1
6905
-1
-1
-1
7935
-1
-1
-1
-1
-1
-1
5961
-1
-1
-1
-1
-1
-1
-1
-1
3974
6877
-1
-1
-1
-1
-1
6748
-1
-1
-1
-1
-1
-1
-1
7829
-1
-1
14789
-1
6100
-1
-1
-1
7026
-1
-1
-1
7798
-1
-1
-1
-1
-1
-1
-1
-1
-1
-1
-1
-1
-1
-1
-1
-1
-1
4925
-1
-1
6592
-1
6768
-1
7776
-1
-1
-1
6332
-1
-1
-1
-1
-1
-1
-1
-1
7981
-1
-1
5145
-1
-1
-1
3270
-1
-1
-1
12523
-1
-1
-1
7285
-1
-1
-1
5888
7826
-1
-1
-1
-1
-1
-1
6328
-1
5603
-1
-1
-1
7651
-1
-1
-1
-1
-1
-1
-1
-1
-1
5504
-1
-1
-1
-1
5111
-1
-1
-1
-1
-1
-1
6334
-1
4239
-1
-1
-1
7320
6569
7133
-1
-1
-1
-1
7510
-1
6572
-1
6466
7520
-1
-1
4029
-1
8199
-1
-1
-1
-1
-1
-1
-1
6572
-1
-1
-1
-1
-1
-1
-1
6020
-1
-1
-1
-1
-1
-1
-1
-1
-1
-1
-1
5559
-1
-1
-1
-1
-1
-1
-1
-1
-1
-1
3041
-1
-1
-1
-1
-1
-1
-1
-1
-1
5884
-1
-1
-1
-1
7934
-1
-1
-1
-1
-1
-1
5471
-1
-1
-1
-1
-1
-1
-1
-1
-1
-1
-1
-1
-1
-1
-1
-1
8083
-1
-1
-1
-1
-1
-1
-1
8874
6389
6864
5311
-1
-1
-1
-1
-1
-1
-1
-1
-1
-1
4995
-1
-1
-1
-1
-1
-1
-1
-1
7520
5840
-1
-1
-1
-1
13139
-1
-1
7348
-1
-1
-1
-1
-1
-1
-1
7816
-1
6597
-1
-1
8674
7267
-1
4715
-1
-1
-1
6453
-1
-1
-1
-1
-1
-1
7374
-1
-1
3009
5434
-1
-1
-1
-1
-1
-1
-1
-1
-1
4494
5693
-1
5229
6829
4711
-1
-1
6679
-1
-1
-1
-1
-1
6686
-1
-1
-1
-1
-1
-1
-1
-1
-1
-1
-1
6035
-1
-1
-1
-1
-1
-1
-1
7029
-1
-1
-1
-1
8678
-1
-1
-1
-1
-1
-1
-1
-1
5137
-1
-1
-1
-1
5630
7197
-1
-1
-1
-1
-1
-1
-1
6664
-1
-1
8392
-1
6369
-1
-1
-1
-1
-1
-1
-1
-1
-1
-1
-1
8141
-1
7401
-1
-1
-1
-1
-1
5509
-1
-1
-1
-1
-1
7363
6665
5881
-1
-1
-1
-1
6086
-1
-1
-1
7737
-1
-1
6993
-1
3357
-1
-1
-1
-1
-1
-1
-1
-1
-1
-1
7732
6411
-1
-1
-1
-1
-1
-1
-1
-1
6370
6472
-1
-1
-1
-1
-1
5926
-1
-1
7093
-1
-1
7184
-1
5578
-1
-1
6470
-1
7227
-1
6534
-1
-1
8398
-1
-1
5782
-1
-1
-1
6905
-1
-1
8448
8491
-1
-1
12108
-1
-1
-1
-1
6330
-1
7673
7768
6364
-1
-1
-1
-1
-1
-1
-1
-1
-1
-1
-1
9442
7110
5199
-1
-1
-1
6556
3170
5846
-1
-1
-1
-1
-1
-1
-1
-1
-1
-1
-1
8022
7190
-1
-1
8631
-1
-1
-1
7299
-1
-1
-1
5677
-1
5616
-1
-1
-1
-1
-1
-1
-1
7909
-1
-1
-1
-1
-1
-1
-1
-1
-1
-1
-1
6578
-1
8192
-1
-1
-1
-1
7410
7142
-1
-1
-1
-1
-1
-1
-1
-1
-1
-1
-1
6225
-1
-1
-1
5920
6826
-1
7091
6935
-1
-1
-1
-1
6860
-1
6716
-1
-1
-1
-1
7628
-1
-1
-1
-1
7062
-1
-1
-1
-1
6542
-1
7979
-1
-1
-1
-1
-1
3354
-1
-1
3478
-1
-1
-1
-1
-1
5374
-1
-1
-1
-1
-1
-1
8204
6290
-1
6453
-1
-1
-1
-1
-1
8411
5545
-1
7396
-1
-1
6868
-1
4929
-1
-1
-1
-1
6035
-1
-1
-1
6837
-1
-1
-1
-1
8368
-1
-1
-1
7699
-1
-1
-1
5637
-1
-1
-1
-1
-1
-1
5549
-1
6384
-1
-1
-1
-1
-1
-1
7471
7852
-1
-1
-1
7367
-1
-1
6658
-1
-1
-1
-1
-1
-1
6874
3800
7139
5976
-1
-1
-1
-1
-1
-1
-1
-1
-1
-1
8285
-1
-1
-1
-1
6334
-1
6922
-1
-1
4242
-1
-1
-1
-1
-1
-1
-1
-1
-1
-1
-1
-1
7361
-1
-1
-1
-1
-1
-1
-1
-1
-1
8151
-1
-1
-1
7097
-1
-1
-1
-1
-1
6902
-1
-1
7123
7017
-1
-1
-1
-1
-1
-1
-1
-1
-1
-1
7495
-1
-1
-1
7031
3500
-1
-1
-1
-1
-1
4638
-1
-1
8174
-1
-1
5571
-1
5820
-1
-1
-1
-1
-1
-1
-1
-1
7403
-1
-1
-1
7171
-1
3730
-1
-1
-1
-1
-1
-1
-1
-1
-1
4224
6429
-1
-1
-1
-1
3382
-1
-1
3480
-1
-1
-1
-1
-1
-1
7550
-1
-1
-1
-1
-1
-1
-1
-1
7914
-1
-1
-1
-1
-1
-1
-1
-1
8122
-1
-1
-1
-1
-1
-1
7306
-1
-1
-1
-1
6610
-1
7813
-1
-1
7750
-1
-1
6389
3223
-1
-1
-1
5782
8446
7188
-1
-1
-1
-1
-1
-1
-1
-1
-1
13404
-1
-1
7462
-1
5769
3810
-1
-1
-1
-1
-1
-1
8491
-1
8245
-1
-1
-1
-1
-1
-1
-1
10489
-1
7110
-1
-1
-1
-1
-1
-1
-1
-1
-1
-1
-1
-1
6306
-1
-1
-1
-1
-1
-1
7989
-1
-1
-1
-1
-1
-1
7871
-1
8847
-1
-1
-1
-1
-1
-1
-1
6330
-1
-1
-1
-1
-1
-1
-1
-1
-1
-1
-1
-1
-1
7531
6759
9298
-1
-1
-1
-1
-1
3198
-1
-1
-1
-1
-1
-1
-1
-1
5944
-1
-1
-1
2659
-1
-1
7251
-1
-1
-1
-1
6294
-1
-1
-1
-1
4383
-1
-1
-1
-1
-1
-1
-1
-1
-1
-1
-1
7109
-1
-1
6880
-1
-1
-1
7348
-1
-1
-1
-1
-1
-1
6634
3425
-1
-1
-1
4355
7296
-1
-1
10570
-1
-1
-1
6274
-1
-1
5940
-1
-1
-1
-1
-1
-1
-1
-1
-1
-1
-1
-1
-1
-1
-1
7773
-1
5367
8226
-1
-1
-1
-1
-1
-1
-1
-1
-1
5899
-1
-1
6136
-1
5209
-1
-1
-1
-1
-1
-1
-1
7057
-1
-1
-1
-1
8377
20399
-1
-1
7247
-1
-1
-1
-1
-1
-1
-1
-1
3996
-1
-1
-1
7246
-1
-1
5859
6671
-1
-1
-1
-1
-1
-1
-1
-1
-1
-1
7946
-1
-1
-1
-1
-1
-1
16241
5789
-1
7729
12625
-1
-1
-1
-1
-1
-1
-1
-1
-1
-1
8041
-1
-1
-1
-1
6693
-1
-1
-1
-1
-1
-1
6591
6338
6176
-1
-1
-1
-1
-1
-1
6197
-1
-1
6665
-1
6500
-1
-1
-1
-1
-1
-1
-1
6298
5077
6987
-1
-1
-1
5751
-1
-1
-1
-1
5212
-1
7348
9317
-1
6306
3154
-1
-1
-1
-1
-1
-1
-1
-1
-1
-1
-1
-1
5276
7251
-1
-1
7458
-1
-1
-1
-1
-1
-1
-1
-1
-1
-1
-1
15637
6576
-1
-1
-1
-1
-1
-1
-1
-1
6518
-1
7617
-1
-1
-1
-1
-1
6104
-1
-1
-1
6527
8336
-1
-1
-1
-1
-1
-1
-1
4711
6333
6941
5689
-1
-1
-1
8526
-1
-1
3671
-1
7026
-1
-1
5192
-1
-1
8486
-1
-1
-1
-1
-1
-1
5969
-1
-1
-1
-1
-1
-1
-1
-1
-1
-1
5374
4306
-1
-1
-1
-1
-1
-1
-1
5782
-1
5883
-1
-1
-1
-1
-1
-1
-1
-1
-1
-1
-1
-1
-1
-1
7032
-1
-1
-1
6243
-1
-1
-1
-1
-1
5864
-1
8368
8370
-1
-1
-1
-1
6361
5975
-1
7134
-1
-1
-1
-1
-1
7367
-1
-1
-1
-1
-1
-1
8004
-1
-1
-1
-1
-1
-1
-1
-1
4152
-1
5770
-1
-1
-1
-1
8241
-1
6453
7222
-1
-1
7985
-1
3594
-1
-1
-1
-1
-1
-1
-1
-1
-1
-1
-1
5700
8213
12668
-1
-1
-1
-1
-1
12919
-1
-1
-1
-1
-1
-1
-1
6043
-1
-1
-1
-1
-1
-1
7589
-1
7132
-1
9222
6599
-1
-1
-1
-1
-1
-1
-1
5508
-1
-1
5617
9319
-1
-1
-1
-1
4385
-1
-1
-1
-1
-1
6114
-1
-1
5377
-1
-1
3971
-1
-1
-1
-1
-1
-1
-1
-1
-1
-1
-1
-1
-1
7669
6116
-1
-1
7043
3427
-1
6290
7225
6422
-1
7408
-1
5812
-1
4961
-1
-1
5932
9436
-1
-1
-1
-1
-1
-1
-1
4189
7831
8301
-1
6450
-1
-1
-1
7152
-1
7252
5947
2678
4730
-1
5923
-1
-1
-1
6308
-1
-1
-1
5494
-1
7345
5197
5890
3484
-1
-1
6150
7725
-1
-1
-1
-1
-1
-1
-1
-1
-1
-1
7727
-1
-1
-1
3418
7615
-1
7654
-1
-1
6516
-1
-1
-1
-1
3383
6236
-1
-1
-1
-1
-1
-1
-1
5296
-1
-1
5903
-1
-1
-1
-1
-1
-1
-1
-1
-1
-1
-1
-1
6243
7520
-1
-1
-1
-1
-1
-1
-1
-1
-1
-1
-1
-1
5588
-1
-1
-1
-1
-1
-1
5592
-1
-1
-1
-1
-1
-1
10708
-1
3828
-1
6576
-1
-1
-1
8660
3372
-1
-1
-1
-1
-1
-1
-1
-1
-1
-1
-1
-1
5631
-1
-1
6387
-1
-1
-1
-1
-1
-1
-1
-1
-1
-1
-1
2895
-1
-1
19104
-1
-1
-1
-1
7111
-1
-1
-1
-1
-1
6151
-1
-1
-1
-1
7990
5933
-1
-1
3756
-1
-1
-1
-1
-1
-1
-1
-1
-1
6721
-1
-1
-1
-1
-1
6040
-1
-1
-1
-1
7523
-1
-1
-1
-1
-1
-1
-1
6583
-1
-1
-1
-1
-1
-1
-1
-1
-1
-1
-1
-1
-1
-1
-1
-1
-1
-1
-1
-1
-1
-1
-1
16202
-1
-1
19104
6183
4280
-1
5225
7985
-1
-1
-1
-1
-1
-1
2793
-1
-1
-1
8960
5286
-1
-1
-1
12368
-1
-1
-1
-1
-1
-1
-1
-1
-1
-1
-1
-1
-1
6391
-1
-1
4912
6071
-1
-1
6143
6149
-1
-1
7494
-1
-1
-1
6734
-1
-1
-1
6371
-1
-1
-1
-1
-1
-1
-1
3070
-1
5593
-1
-1
6342
5246
-1
-1
-1
-1
-1
-1
-1
-1
-1
-1
-1
7752
-1
-1
-1
-1
-1
-1
-1
-1
5821
-1
3011
-1
-1
-1
-1
-1
-1
-1
-1
6448
-1
-1
7580
-1
7710
-1
-1
-1
6371
-1
-1
6333
-1
-1
-1
3274
-1
6833
-1
-1
-1
-1
3996
6681
-1
-1
-1
-1
-1
5611
-1
-1
7682
-1
-1
-1
-1
-1
-1
-1
-1
-1
7282
-1
-1
-1
-1
-1
6236
5758
8957
-1
-1
-1
-1
7445
-1
-1
7216
-1
-1
6836
-1
-1
5540
6302
-1
6219
-1
-1
-1
-1
-1
-1
-1
-1
-1
-1
6128
5362
-1
5651
3999
-1
-1
-1
-1
-1
7283
-1
-1
6363
-1
-1
-1
-1
-1
-1
4587
5492
5746
-1
-1
-1
-1
-1
-1
5951
-1
6827
-1
3979
-1
5422
5836
5316
-1
5922
-1
-1
-1
-1
-1
-1
-1
5973
-1
-1
-1
6383
4895
-1
-1
-1
7849
-1
6811
-1
-1
-1
-1
-1
3772
-1
-1
-1
8260
-1
-1
-1
-1
7170
-1
-1
8690
-1
5182
-1
-1
-1
-1
-1
-1
-1
-1
-1
-1
-1
8503
-1
5905
-1
-1
-1
-1
-1
6229
-1
-1
-1
-1
-1
6579
-1
-1
-1
-1
-1
-1
-1
7068
-1
-1
7444
6749
-1
-1
-1
-1
-1
-1
7776
-1
-1
-1
8649
-1
-1
5727
-1
7041
7170
6650
-1
2979
-1
-1
6786
-1
6414
-1
-1
-1
-1
-1
-1
-1
6876
-1
-1
-1
-1
-1
-1
-1
-1
-1
9748
6240
-1
-1
6317
5082
-1
13236
-1
-1
3979
-1
-1
-1
-1
-1
-1
-1
7443
-1
-1
-1
8922
-1
-1
14555
7642
-1
-1
-1
-1
-1
-1
-1
6701
-1
-1
-1
-1
-1
5293
-1
9357
-1
7467
-1
6774
5806
-1
-1
-1
-1
-1
-1
8904
-1
3782
7172
-1
6623
-1
-1
-1
7719
-1
-1
7528
-1
-1
-1
-1
-1
-1
5571
-1
-1
-1
-1
-1
5729
-1
-1
5734
-1
8245
-1
-1
-1
7288
5257
-1
-1
5674
-1
-1
-1
-1
-1
-1
-1
-1
-1
6444
-1
7201
-1
-1
-1
-1
-1
-1
-1
-1
6077
8573
-1
2923
-1
-1
6447
-1
-1
-1
-1
-1
-1
-1
4843
-1
-1
-1
4655
-1
-1
-1
-1
-1
-1
-1
6644
-1
7293
-1
-1
-1
-1
-1
-1
-1
-1
-1
5274
-1
-1
-1
-1
5752
-1
-1
-1
-1
-1
-1
-1
-1
-1
-1
-1
-1
-1
-1
-1
-1
-1
-1
-1
-1
-1
6975
-1
-1
6637
-1
5975
12596
-1
8618
-1
-1
6988
-1
-1
-1
5114
-1
-1
-1
7797
-1
-1
-1
6157
5993
-1
-1
5890
-1
-1
-1
-1
-1
-1
-1
-1
-1
-1
-1
-1
-1
-1
-1
-1
-1
-1
-1
-1
-1
-1
-1
5518
-1
-1
3141
11813
-1
-1
6447
-1
4362
-1
6116
-1
-1
-1
-1
7553
-1
-1
-1
6001
-1
-1
5923
-1
-1
2934
-1
-1
6528
-1
-1
-1
-1
-1
5633
7327
-1
7286
4239
-1
-1
7300
-1
-1
6290
-1
-1
-1
-1
7581
-1
-1
4213
8121
-1
-1
-1
-1
-1
-1
-1
-1
-1
-1
6474
7673
-1
-1
-1
5789
-1
8615
-1
-1
7755
-1
-1
-1
-1
-1
-1
-1
8109
-1
6998
-1
-1
-1
6561
7073
8081
-1
-1
-1
7192
-1
-1
-1
5729
-1
-1
5429
7869
-1
-1
3627
-1
7990
-1
-1
-1
-1
-1
7384
-1
-1
8308
-1
-1
6958
-1
-1
-1
-1
-1
13116
-1
-1
-1
-1
-1
-1
7064
-1
-1
-1
3269
7034
-1
-1
-1
-1
-1
7653
8138
6791
-1
-1
-1
-1
6913
-1
8419
-1
-1
-1
6337
-1
5297
-1
-1
-1
7131
-1
-1
-1
5745
5596
-1
-1
-1
-1
-1
-1
-1
-1
7873
-1
-1
4494
-1
-1
6806
-1
5890
-1
-1
-1
-1
-1
-1
-1
6334
-1
-1
-1
-1
-1
-1
-1
-1
-1
-1
8004
-1
7842
5700
-1
-1
5684
-1
-1
11955
-1
5564
-1
-1
-1
6680
5958
-1
-1
-1
6976
-1
-1
9023
-1
7813
-1
-1
7258
-1
6563
6305
-1
-1
-1
6115
-1
-1
-1
11027
-1
-1
-1
-1
7205
-1
-1
-1
-1
-1
-1
-1
-1
6392
-1
-1
-1
5561
-1
6974
-1
-1
-1
6005
5823
-1
5168
-1
7276
-1
-1
-1
-1
-1
-1
-1
-1
8104
-1
3383
-1
-1
-1
-1
6359
-1
-1
-1
-1
-1
-1
5808
-1
-1
7258
-1
2783
4608
-1
-1
3108
-1
-1
-1
-1
-1
-1
-1
-1
-1
-1
-1
-1
-1
8040
5643
-1
9078
-1
-1
-1
-1
-1
-1
5787
5681
-1
-1
-1
-1
7180
4184
-1
6711
-1
-1
-1
-1
-1
-1
3544
-1
6290
-1
-1
-1
-1
-1
6019
-1
8050
-1
-1
6782
-1
-1
-1
-1
-1
-1
-1
-1
-1
-1
-1
-1
5127
-1
-1
-1
8349
-1
-1
-1
-1
-1
-1
-1
-1
-1
7789
4517
-1
7066
-1
-1
-1
-1
4490
-1
6881
-1
-1
-1
5496
-1
6466
-1
-1
-1
-1
-1
-1
5544
5933
5649
-1
-1
-1
-1
-1
-1
-1
5114
-1
-1
-1
-1
6231
-1
-1
-1
-1
5440
-1
-1
-1
-1
5349
-1
-1
-1
-1
-1
-1
-1
-1
7755
-1
-1
7002
-1
8074
-1
16691
6065
-1
6036
-1
-1
-1
6279
-1
3878
-1
-1
-1
-1
4571
6324
-1
-1
-1
12099
-1
-1
-1
-1
-1
-1
-1
-1
3314
-1
-1
-1
3501
5646
-1
-1
-1
-1
5834
-1
-1
-1
-1
4972
-1
4022
-1
-1
-1
-1
5930
-1
-1
-1
-1
-1
6272
-1
3734
6272
8674
6752
6025
-1
-1
-1
-1
8200
-1
-1
5093
-1
-1
5332
16472
-1
-1
5637
2774
-1
11293
6288
-1
-1
5206
5552
8127
-1
7308
-1
7202
-1
-1
-1
-1
16162
6330
6082
-1
-1
-1
5209
-1
-1
6334
-1
-1
-1
14537
-1
-1
4147
-1
-1
-1
-1
-1
7312
-1
-1
-1
-1
-1
-1
-1
-1
-1
-1
6730
-1
-1
-1
6271
-1
2519
-1
-1
-1
-1
-1
-1
5828
-1
5671
3531
-1
-1
-1
-1
-1
-1
-1
-1
7980
-1
5251
-1
6333
3356
-1
-1
-1
-1
-1
-1
-1
-1
3772
7004
-1
-1
5851
-1
-1
-1
-1
6010
6463
-1
-1
-1
-1
-1
-1
-1
-1
-1
6905
6463
-1
-1
-1
6485
-1
-1
-1
-1
-1
-1
-1
-1
-1
-1
-1
-1
-1
-1
-1
9261
-1
-1
6604
-1
-1
-1
-1
-1
-1
-1
-1
-1
-1
-1
-1
5744
-1
5935
3427
-1
-1
-1
-1
-1
-1
8017
-1
-1
-1
-1
-1
-1
-1
7964
5745
-1
-1
-1
-1
8052
8303
-1
-1
-1
-1
6305
-1
-1
-1
-1
-1
-1
5191
-1
-1
-1
5857
6134
-1
-1
-1
-1
-1
-1
5932
-1
-1
-1
-1
-1
9293
-1
-1
-1
-1
-1
7776
-1
-1
-1
-1
-1
-1
7909
11298
-1
-1
-1
-1
-1
-1
-1
-1
-1
6578
-1
-1
-1
7469
7318
-1
-1
-1
7134
-1
-1
-1
-1
-1
-1
6752
-1
-1
-1
-1
13405
8192
-1
-1
-1
-1
-1
-1
-1
7993
-1
-1
5234
-1
7793
-1
-1
7557
4580
-1
-1
-1
-1
12951
-1
5140
-1
-1
5646
-1
6657
-1
-1
-1
-1
-1
-1
-1
-1
-1
-1
-1
-1
-1
-1
-1
-1
8171
6740
7601
4368
-1
-1
-1
-1
6618
-1
11507
6768
-1
4254
15518
-1
-1
-1
-1
7321
-1
8615
-1
-1
6868
-1
5442
6645
7921
-1
-1
-1
-1
-1
-1
-1
15750
6713
7133
-1
-1
3723
5853
-1
-1
-1
5428
-1
-1
-1
-1
-1
-1
-1
-1
-1
-1
-1
6808
-1
-1
3554
-1
-1
7280
-1
-1
-1
-1
-1
-1
-1
6580
-1
-1
-1
-1
-1
-1
-1
-1
7278
-1
-1
7877
-1
-1
6709
5391
-1
-1
5814
-1
5957
8037
-1
-1
-1
-1
-1
-1
-1
-1
2978
-1
-1
4331
-1
-1
-1
-1
-1
-1
-1
-1
-1
-1
-1
-1
-1
-1
-1
4818
-1
-1
-1
-1
-1
6307
5553
-1
-1
-1
-1
-1
-1
-1
-1
8847
7852
-1
-1
-1
-1
-1
11886
-1
-1
-1
-1
-1
8670
-1
-1
5219
-1
-1
-1
-1
-1
-1
-1
-1
-1
-1
-1
-1
-1
6460
-1
-1
-1
-1
3798
7415
-1
-1
5825
8278
7960
-1
7704
12721
-1
-1
-1
-1
-1
-1
-1
-1
-1
-1
-1
7819
6662
-1
-1
-1
6473
-1
-1
-1
-1
-1
6398
-1
-1
-1
-1
3878
5576
-1
-1
-1
3573
-1
-1
-1
-1
-1
-1
-1
-1
5163
-1
6671
6690
-1
-1
-1
-1
-1
-1
-1
-1
6070
-1
-1
7850
-1
2900
-1
-1
-1
-1
-1
-1
-1
6188
-1
-1
14469
7372
-1
-1
12743
3567
5145
-1
5646
-1
-1
6495
-1
2657
-1
-1
5326
-1
-1
-1
-1
-1
-1
5935
-1
-1
-1
-1
-1
-1
4831
-1
12844
-1
-1
5843
7380
-1
7146
2594
-1
-1
-1
2898
-1
5643
7264
-1
-1
-1
-1
-1
-1
-1
-1
-1
-1
-1
-1
-1
-1
-1
-1
-1
-1
-1
3530
-1
-1
6072
-1
-1
12752
-1
-1
-1
-1
-1
7512
-1
6670
-1
-1
7636
5283
-1
-1
-1
-1
-1
-1
-1
-1
5699
8229
-1
-1
7629
-1
-1
6414
-1
-1
-1
6221
-1
-1
-1
-1
8030
-1
8028
-1
-1
-1
6469
-1
-1
6191
-1
-1
-1
6528
-1
4213
-1
-1
-1
7581
-1
-1
-1
-1
-1
7067
5589
-1
-1
-1
7594
4837
-1
-1
6128
-1
5635
-1
5951
8132
-1
5891
-1
-1
4339
8701
5807
-1
-1
4232
7392
2385
7187
6930
-1
-1
-1
5246
8048
7504
5949
-1
-1
-1
-1
-1
-1
-1
-1
5711
5595
-1
-1
-1
10485
-1
7067
-1
6572
-1
-1
6790
6874
-1
-1
5901
-1
5536
-1
6576
5616
-1
-1
-1
-1
-1
3531
-1
-1
-1
-1
8883
-1
-1
-1
3989
-1
4650
-1
-1
-1
-1
-1
-1
-1
13217
-1
-1
7852
-1
5541
7504
-1
5247
5528
6206
-1
-1
-1
-1
-1
-1
17008
-1
-1
-1
-1
-1
-1
-1
7110
-1
-1
6039
-1
6562
-1
9886
-1
-1
16447
-1
-1
-1
-1
5157
-1
5488
-1
-1
-1
-1
-1
-1
5998
-1
7283
-1
-1
-1
-1
-1
-1
-1
-1
-1
-1
-1
-1
-1
-1
-1
-1
-1
-1
-1
-1
6920
-1
8231
-1
8481
7824
5599
-1
-1
-1
-1
-1
-1
7610
-1
6851
7102
6470
-1
-1
3964
-1
6289
-1
6915
-1
-1
-1
6612
-1
-1
-1
-1
-1
-1
-1
-1
5730
7218
-1
7673
-1
-1
8136
8003
-1
7139
4657
-1
-1
-1
7554
6154
5754
-1
6175
-1
4223
-1
-1
8769
-1
8132
-1
-1
-1
-1
-1
6748
-1
-1
-1
-1
-1
-1
7710
-1
7180
-1
-1
-1
-1
-1
-1
-1
-1
5185
-1
-1
5453
-1
-1
6134
-1
-1
-1
5501
-1
13139
-1
-1
-1
-1
8052
-1
5302
-1
-1
5052
5821
-1
-1
-1
-1
-1
7426
5334
4020
-1
-1
-1
3301
-1
5912
-1
-1
7571
-1
-1
-1
-1
-1
-1
-1
7043
-1
-1
-1
-1
-1
-1
6870
-1
5317
-1
5468
-1
-1
-1
-1
-1
-1
-1
-1
-1
-1
-1
-1
5646
-1
-1
5749
5046
-1
7302
5101
-1
5094
-1
6870
-1
-1
-1
-1
-1
-1
5646
-1
-1
-1
-1
-1
-1
-1
5496
2964
5032
-1
-1
12108
-1
5537
8681
-1
4637
-1
-1
-1
-1
6583
4957
5022
5068
6008
-1
-1
-1
7773
4638
-1
8337
4668
-1
-1
-1
-1
6853
5346
-1
-1
-1
-1
5750
7400
-1
-1
-1
-1
-1
3230
3352
-1
7057
8785
-1
-1
5857
6776
6448
-1
-1
-1
-1
-1
-1
-1
-1
-1
-1
5614
8779
-1
-1
-1
5769
5559
-1
5344
-1
-1
6741
-1
-1
-1
-1
-1
7890
-1
-1
8062
-1
6663
8602
-1
6711
-1
-1
-1
-1
-1
-1
-1
-1
5491
7288
7162
6478
5868
-1
-1
6404
8029
5977
-1
6961
8185
-1
-1
-1
6594
-1
5032
4143
-1
-1
5136
-1
-1
-1
-1
4965
-1
5285
-1
-1
-1
-1
-1
-1
-1
-1
8410
-1
-1
8758
-1
-1
-1
-1
-1
-1
5191
-1
-1
6034
-1
-1
-1
-1
-1
-1
5886
-1
-1
-1
-1
5984
-1
-1
-1
-1
3842
-1
-1
-1
-1
6708
8400
-1
5642
6061
4757
5763
-1
-1
-1
-1
-1
-1
5556
-1
5209
-1
-1
-1
-1
-1
-1
-1
-1
-1
-1
-1
-1
-1
-1
-1
-1
-1
6572
-1
-1
6214
7090
7103
-1
5543
-1
-1
-1
-1
-1
4564
-1
4692
5177
-1
-1
-1
6422
5313
-1
-1
-1
-1
-1
-1
-1
-1
-1
-1
-1
4181
-1
4173
6305
8250
5032
-1
-1
-1
-1
-1
-1
4803
5587
-1
-1
-1
5324
-1
4661
-1
6710
-1
-1
-1
-1
5434
8178
-1
-1
6355
5049
-1
-1
-1
-1
-1
6125
-1
5006
-1
-1
-1
-1
5697
-1
4682
4947
-1
-1
-1
-1
-1
-1
2732
-1
-1
-1
-1
-1
-1
-1
4834
-1
-1
-1
-1
-1
-1
-1
7377
-1
5975
-1
-1
-1
-1
-1
-1
-1
-1
-1
7111
-1
8892
-1
5422
-1
-1
16426
-1
-1
-1
-1
5726
-1
-1
-1
5150
-1
-1
-1
-1
-1
-1
-1
-1
7904
6438
-1
5069
-1
-1
-1
7336
10561
-1
-1
-1
7596
6141
-1
-1
-1
-1
-1
-1
-1
-1
-1
8101
-1
-1
-1
7977
-1
-1
-1
5884
-1
5646
4035
-1
7185
5918
-1
-1
-1
-1
-1
6375
6325
-1
-1
-1
-1
-1
-1
-1
-1
5219
-1
-1
-1
-1
-1
-1
-1
-1
-1
-1
-1
4980
5455
-1
5880
-1
-1
3031
8691
6081
5196
-1
-1
3649
-1
8250
-1
-1
-1
-1
-1
6333
5376
-1
5493
-1
-1
-1
-1
4338
-1
-1
-1
-1
-1
6223
-1
-1
-1
-1
-1
-1
-1
-1
-1
-1
-1
6525
6082
4195
5903
4355
-1
-1
8070
-1
-1
-1
10539
-1
4913
-1
5490
-1
-1
-1
-1
7218
8220
-1
6268
-1
6949
6371
-1
-1
-1
-1
-1
-1
5287
-1
-1
-1
-1
-1
7208
6663
-1
6020
2535
-1
-1
-1
7194
-1
-1
3505
-1
5011
5235
-1
5860
-1
-1
-1
-1
-1
-1
-1
-1
6835
-1
-1
-1
-1
6361
-1
-1
6454
-1
-1
9168
6988
4694
4228
-1
-1
11483
7078
4481
-1
-1
5536
-1
-1
-1
-1
-1
-1
-1
-1
-1
-1
6071
-1
-1
-1
-1
-1
-1
-1
-1
-1
-1
-1
-1
-1
-1
-1
-1
-1
-1
-1
8306
-1
9258
-1
-1
-1
-1
-1
-1
-1
-1
5019
-1
-1
-1
5127
-1
-1
-1
5049
8087
-1
-1
-1
-1
4883
-1
-1
-1
-1
-1
-1
-1
-1
6352
5493
8296
-1
-1
-1
-1
4968
-1
-1
5196
6627
5656
5302
-1
-1
-1
-1
-1
-1
-1
5295
-1
-1
4472
-1
-1
5554
-1
-1
-1
6202
6940
7067
-1
-1
-1
-1
-1
-1
-1
7915
-1
-1
-1
4956
-1
5391
-1
-1
-1
-1
-1
-1
-1
-1
6761
7078
-1
5189
-1
-1
-1
-1
4523
-1
-1
5881
4862
-1
-1
-1
-1
-1
5209
5562
-1
5556
-1
-1
-1
-1
-1
-1
3866
-1
5869
-1
-1
-1
5150
-1
-1
7819
5507
-1
-1
-1
-1
5302
-1
-1
-1
-1
-1
4927
5730
-1
-1
-1
-1
7513
-1
-1
-1
-1
-1
-1
-1
-1
-1
-1
-1
6194
-1
5053
5034
6304
5409
5489
-1
7342
5552
-1
-1
-1
-1
-1
5368
-1
-1
-1
-1
-1
-1
-1
6263
8769
-1
5765
-1
6474
-1
5578
-1
-1
-1
-1
8188
6549
5312
6331
-1
-1
-1
7525
-1
5918
-1
6759
13693
4873
-1
3971
4892
-1
6630
-1
-1
-1
-1
-1
-1
6890
-1
-1
5598
6419
6149
-1
8028
4716
7051
7826
-1
-1
-1
-1
7592
-1
-1
-1
6306
-1
5272
-1
7891
3411
4623
-1
-1
-1
-1
-1
-1
-1
-1
7010
6850
3207
-1
-1
6499
-1
-1
-1
5075
-1
-1
-1
-1
-1
7996
-1
-1
-1
-1
2814
-1
7733
-1
-1
-1
-1
-1
-1
-1
-1
6294
5209
-1
3108
-1
5154
-1
-1
11311
7719
-1
-1
-1
-1
-1
-1
6039
-1
-1
-1
-1
-1
6189
-1
5204
-1
3170
-1
3776
-1
6747
-1
-1
-1
-1
-1
3253
-1
5079
5838
3009
3773
6387
-1
8385
7278
-1
7791
-1
-1
4849
4959
4679
7180
-1
7584
5778
-1
-1
-1
7369
-1
-1
-1
5555
-1
-1
-1
12319
-1
-1
6225
-1
8376
-1
-1
-1
-1
3943
-1
-1
6640
-1
-1
5082
-1
-1
-1
-1
4962
-1
-1
-1
-1
2336
6546
7289
-1
-1
5346
-1
6110
-1
-1
-1
-1
-1
-1
-1
-1
-1
-1
6842
7554
4938
-1
8317
5251
6727
6167
-1
7118
-1
-1
-1
-1
-1
-1
5174
-1
3742
-1
2172
4690
-1
6591
-1
-1
13277
4853
-1
5592
-1
3217
-1
-1
-1
2590
-1
-1
2878
-1
-1
-1
-1
-1
5504
5700
-1
-1
-1
-1
-1
-1
-1
-1
-1
-1
5467
4910
-1
-1
-1
-1
-1
5171
7262
6234
-1
-1
-1
-1
-1
7490
-1
-1
7758
-1
6765
5720
-1
-1
-1
-1
-1
-1
4392
-1
-1
-1
-1
-1
-1
15514
-1
-1
-1
-1
-1
5344
-1
-1
6196
6785
-1
-1
-1
-1
4427
-1
-1
-1
-1
-1
-1
-1
-1
8657
-1
-1
4652
-1
-1
-1
-1
6145
4464
3034
-1
-1
-1
7512
-1
-1
-1
-1
5074
-1
4880
6812
-1
6396
-1
-1
-1
-1
-1
-1
-1
-1
5971
8422
-1
-1
-1
-1
-1
-1
-1
-1
4762
5309
-1
-1
-1
13139
9921
-1
-1
-1
-1
-1
-1
-1
-1
7078
4835
-1
5441
6040
-1
-1
-1
-1
-1
4492
-1
-1
4444
6693
-1
7805
4945
-1
-1
-1
7772
-1
4686
4377
7830
-1
-1
-1
8200
-1
-1
-1
7699
-1
-1
-1
6300
6113
-1
-1
-1
-1
-1
-1
6045
-1
8948
7904
-1
4242
-1
-1
6511
-1
6477
-1
-1
-1
-1
-1
-1
4542
7146
-1
-1
-1
-1
5027
-1
5257
-1
4092
-1
-1
-1
-1
-1
-1
-1
5321
5092
-1
-1
5939
6224
6608
-1
-1
-1
-1
6424
-1
12431
-1
-1
5963
2019
-1
4907
-1
-1
4533
-1
-1
-1
6346
5649
5126
-1
-1
-1
-1
-1
-1
-1
4777
6934
4168
7057
-1
5399
5522
7231
-1
-1
-1
-1
6432
4351
-1
-1
9578
6467
4909
-1
6235
-1
-1
-1
-1
7297
7126
-1
6646
5144
-1
-1
-1
-1
4944
-1
-1
-1
-1
-1
-1
-1
-1
-1
-1
4672
-1
3499
7755
5886
-1
-1
-1
-1
-1
-1
4481
-1
-1
6923
-1
-1
-1
7308
6043
3025
-1
-1
-1
-1
-1
-1
5803
-1
-1
4800
-1
5242
-1
11269
-1
6663
-1
-1
-1
-1
-1
-1
7498
-1
-1
5531
6289
-1
-1
-1
6934
-1
8167
-1
-1
-1
6694
3362
-1
-1
-1
-1
7685
7829
-1
5084
5229
-1
7283
5362
-1
5555
-1
6435
-1
-1
-1
5493
-1
-1
-1
7394
3928
-1
-1
4202
-1
-1
5333
-1
-1
-1
-1
-1
-1
-1
-1
-1
-1
-1
-1
-1
-1
-1
-1
-1
-1
-1
-1
-1
6751
6909
-1
6403
-1
-1
5709
-1
-1
-1
-1
5992
6596
4731
7280
5153
8176
5896
6922
-1
-1
11178
-1
-1
5949
-1
6501
6036
5486
-1
-1
5515
-1
-1
-1
-1
-1
4594
-1
-1
2966
5219
4705
-1
-1
-1
-1
-1
-1
-1
-1
-1
7389
-1
-1
8248
6113
-1
-1
-1
-1
-1
-1
8068
7223
-1
5164
-1
5081
8075
-1
4578
-1
-1
4558
-1
-1
6228
8145
-1
-1
-1
7309
-1
2562
7224
-1
-1
-1
-1
2816
-1
-1
6797
-1
-1
-1
-1
-1
13466
-1
-1
-1
-1
-1
-1
-1
-1
-1
-1
-1
10059
10879
6276
-1
-1
-1
5287
-1
-1
4328
-1
-1
-1
-1
-1
-1
-1
-1
4883
-1
-1
-1
6128
7337
-1
-1
-1
6855
-1
5365
5807
6068
-1
-1
-1
2403
-1
-1
6664
-1
6528
-1
-1
-1
2201
-1
-1
-1
-1
-1
8484
-1
6985
-1
-1
-1
-1
-1
6879
-1
-1
-1
-1
-1
-1
-1
6018
-1
-1
8333
8271
-1
-1
-1
8454
8591
-1
-1
-1
-1
-1
6447
6713
6334
2404
-1
-1
-1
-1
-1
-1
3947
7259
3676
-1
7208
-1
-1
-1
-1
-1
-1
-1
4876
-1
-1
-1
5005
-1
3890
4417
-1
-1
-1
-1
-1
-1
-1
-1
6546
-1
-1
4557
-1
-1
6019
6201
9613
-1
-1
5414
-1
7971
-1
7657
-1
-1
-1
-1
-1
-1
-1
-1
-1
-1
-1
-1
-1
-1
5264
-1
5530
-1
-1
-1
8161
7883
-1
-1
-1
-1
6304
-1
-1
5415
-1
-1
-1
-1
6880
3775
-1
6674
8275
7240
4625
8029
-1
-1
-1
-1
-1
5079
-1
3433
-1
-1
-1
-1
-1
-1
-1
-1
8044
6439
4968
-1
-1
-1
6904
-1
-1
-1
7091
-1
-1
-1
7775
2937
-1
-1
5891
-1
6160
6202
-1
-1
-1
-1
5157
-1
5086
9897
-1
5552
-1
-1
7049
-1
-1
-1
-1
-1
-1
5096
-1
-1
-1
-1
5123
-1
20399
-1
-1
4671
-1
-1
-1
2613
-1
-1
-1
-1
-1
7602
-1
-1
-1
5365
-1
3634
-1
12635
5939
-1
-1
-1
5540
4666
6068
-1
-1
5559
-1
-1
-1
-1
-1
6929
4450
-1
-1
4240
-1
3961
-1
4613
3666
7737
5516
-1
6583
4890
4752
5721
-1
-1
2789
6484
5022
-1
4418
-1
2716
-1
-1
-1
-1
-1
4404
3422
-1
5497
4505
5359
-1
7506
-1
6607
-1
-1
-1
-1
-1
6792
-1
-1
-1
-1
-1
-1
-1
-1
-1
2878
-1
-1
5828
-1
7161
7363
-1
-1
-1
-1
-1
7693
5728
-1
4708
-1
-1
-1
-1
-1
-1
7878
5225
9743
7680
3396
4768
-1
4606
-1
-1
-1
-1
-1
-1
-1
-1
7346
-1
4458
7443
-1
5746
4400
4708
-1
-1
-1
-1
-1
3954
4958
5862
-1
5360
6173
-1
-1
5513
5015
-1
-1
-1
-1
-1
-1
-1
-1
-1
-1
5453
-1
-1
7772
-1
-1
-1
-1
-1
-1
6799
-1
3794
-1
7146
-1
-1
-1
-1
-1
7434
-1
-1
4632
6653
8538
-1
-1
-1
-1
4061
4474
6262
-1
-1
-1
-1
-1
6618
-1
4539
-1
4098
6992
-1
-1
-1
5929
-1
-1
5509
6266
5192
-1
-1
4636
-1
-1
-1
6259
-1
6744
-1
5086
-1
5096
-1
-1
5026
-1
-1
-1
-1
-1
-1
4648
2087
4990
-1
-1
-1
-1
-1
4372
6751
-1
-1
5852
-1
8272
-1
-1
-1
-1
-1
-1
-1
-1
-1
-1
7773
4517
-1
6293
6974
-1
-1
6870
-1
-1
3978
-1
-1
-1
-1
-1
-1
11080
4553
-1
-1
-1
7968
-1
4957
-1
-1
-1
-1
4172
5224
-1
4338
-1
6622
-1
-1
-1
-1
7109
-1
5044
-1
5537
-1
-1
10744
-1
4687
3081
-1
6313
-1
5997
6703
-1
-1
7235
-1
-1
6679
-1
-1
5072
6660
10968
-1
-1
4253
-1
-1
2734
-1
-1
-1
-1
-1
-1
-1
-1
-1
5814
7559
-1
-1
4543
-1
-1
-1
7010
-1
-1
-1
-1
5630
-1
4071
-1
6935
-1
-1
-1
7069
5351
-1
-1
-1
-1
-1
-1
-1
5607
-1
8025
4276
-1
-1
4409
-1
-1
-1
5339
-1
3856
-1
-1
-1
6655
-1
5979
-1
-1
5007
9084
-1
-1
6482
5038
-1
4929
2264
-1
-1
-1
-1
6920
-1
-1
-1
3849
-1
5070
-1
5610
-1
6313
6176
4569
6117
-1
-1
5390
4072
-1
7028
-1
5617
4700
-1
6965
7673
5545
-1
-1
10285
7665
-1
7044
-1
5156
4819
-1
6531
4159
-1
-1
-1
7146
-1
-1
7411
5192
5324
-1
4982
-1
6696
-1
-1
-1
-1
-1
-1
-1
6972
-1
-1
-1
-1
-1
-1
-1
5818
-1
6384
-1
-1
-1
-1
-1
3469
-1
-1
-1
-1
-1
-1
8140
-1
-1
-1
-1
-1
3909
-1
-1
7703
-1
7350
7084
5809
2926
-1
-1
-1
-1
-1
7329
5093
-1
-1
4173
6475
5889
5329
6004
-1
-1
3961
-1
-1
-1
5553
-1
-1
-1
4785
-1
-1
5621
5066
3398
4725
-1
-1
-1
6388
-1
-1
-1
-1
-1
-1
-1
-1
-1
-1
-1
7086
7227
-1
-1
-1
-1
-1
-1
-1
4391
-1
4355
-1
4759
-1
-1
-1
5806
-1
-1
4645
4846
-1
-1
-1
4522
-1
6653
6470
-1
7903
-1
-1
-1
-1
-1
-1
7405
-1
-1
-1
-1
-1
4434
-1
-1
-1
-1
4280
4519
-1
6225
-1
7321
4739
4648
5255
4578
4964
-1
-1
7584
-1
16170
-1
7151
4549
7678
-1
-1
-1
4762
7965
-1
-1
-1
-1
-1
5646
5801
2524
-1
-1
4398
-1
2259
8265
4795
4022
5861
4661
-1
-1
-1
4490
-1
4168
-1
5395
-1
7849
6501
4430
-1
6277
6872
-1
-1
-1
-1
-1
-1
7882
-1
6149
-1
-1
-1
-1
-1
4520
-1
-1
-1
4602
-1
-1
5935
7029
-1
3299
-1
-1
-1
5717
-1
4772
4822
-1
4229
-1
12742
5241
5038
-1
-1
4630
-1
6228
-1
-1
-1
-1
2253
-1
8224
5114
-1
-1
-1
-1
-1
5216
-1
-1
6938
5122
7360
-1
6324
5128
-1
-1
-1
5946
-1
6786
6523
-1
-1
-1
-1
-1
-1
6523
-1
-1
4668
-1
-1
-1
-1
-1
-1
7412
-1
-1
-1
-1
2557
-1
-1
-1
7165
-1
-1
3698
5290
-1
-1
7339
-1
-1
-1
7377
5382
6454
-1
7653
-1
7362
-1
-1
5083
7407
4579
4443
6604
7276
-1
5589
8136
-1
-1
5504
7181
-1
-1
-1
6343
-1
4490
6347
-1
-1
-1
-1
3207
5870
-1
-1
-1
7697
4467
-1
-1
5311
-1
-1
-1
-1
-1
6694
12564
6474
-1
7034
7741
4127
-1
6580
-1
5268
-1
5445
-1
-1
-1
-1
-1
5145
-1
4902
-1
-1
5026
-1
-1
-1
5072
-1
-1
9498
5156
-1
-1
-1
6271
-1
-1
5660
-1
-1
7757
4823
-1
7626
-1
5918
-1
-1
-1
5879
5675
7457
-1
-1
6536
3989
8041
-1
-1
-1
4698
-1
7610
5922
6383
6461
5051
-1
-1
5364
-1
-1
9495
-1
-1
-1
6665
-1
-1
-1
6228
5363
-1
8116
-1
-1
-1
-1
-1
6332
-1
4531
-1
6694
-1
3980
-1
-1
-1
5056
-1
4287
-1
5170
4096
5878
2153
-1
7205
-1
-1
-1
-1
-1
-1
7125
-1
7138
-1
-1
-1
5082
-1
4351
-1
8302
-1
4680
-1
3930
-1
-1
5232
3530
-1
-1
-1
-1
4672
3325
5306
6953
6186
-1
3733
8667
3464
-1
4960
-1
6992
7875
-1
6884
-1
4526
-1
-1
-1
-1
6863
-1
-1
-1
-1
4626
6391
4112
4200
-1
4477
-1
5485
4691
-1
-1
4667
-1
6838
-1
-1
-1
-1
-1
7793
6906
3893
5022
-1
-1
-1
6464
6471
9704
-1
-1
-1
-1
2717
7611
5909
-1
-1
-1
6675
-1
5847
-1
-1
5115
-1
-1
7234
-1
3121
-1
-1
5230
5781
5225
-1
7309
3253
-1
4945
-1
-1
-1
7314
4266
13425
-1
-1
-1
-1
-1
4334
4662
4000
-1
-1
-1
-1
-1
7214
5090
4310
-1
6599
-1
-1
-1
-1
-1
16740
5739
7965
7124
6338
-1
-1
-1
5056
-1
-1
6845
6179
-1
-1
-1
-1
6867
-1
-1
9666
-1
6665
6890
4828
-1
-1
-1
-1
-1
-1
-1
-1
3907
-1
-1
-1
-1
2623
-1
4406
-1
-1
3900
7642
4461
5022
6184
-1
-1
-1
4656
-1
3473
-1
5424
-1
4965
3635
4571
-1
6644
-1
-1
-1
-1
5875
-1
4700
-1
-1
5087
7126
-1
-1
6322
5472
3389
-1
5818
-1
-1
5062
-1
-1
-1
5749
-1
8471
-1
-1
-1
5165
7014
7441
3782
-1
5190
6337
-1
4314
-1
6987
5855
6318
-1
11705
-1
-1
-1
3362
-1
-1
-1
-1
4108
6587
2649
-1
-1
4442
4839
-1
-1
-1
-1
4986
5625
-1
6075
7163
-1
-1
-1
-1
-1
-1
5816
-1
-1
-1
-1
-1
9520
-1
4222
-1
1783
-1
-1
-1
7015
7347
-1
-1
6950
4414
-1
-1
4880
-1
5115
-1
5298
-1
-1
4712
-1
-1
-1
-1
-1
-1
-1
4984
-1
-1
2244
5184
-1
-1
-1
5797
-1
3372
4658
6150
4880
4119
-1
-1
4748
-1
-1
-1
5156
4235
-1
-1
-1
-1
6608
6111
5721
6472
-1
4462
4421
-1
-1
-1
-1
-1
-1
-1
-1
7680
4517
-1
-1
-1
-1
10940
-1
4438
6872
-1
-1
-1
5105
-1
4241
-1
-1
4972
7163
-1
-1
-1
3941
3196
-1
6290
-1
7883
-1
3969
4110
-1
2291
-1
-1
-1
6747
4351
-1
-1
-1
6425
4181
-1
-1
-1
-1
-1
-1
4303
6182
-1
-1
5932
-1
-1
-1
-1
-1
-1
-1
6555
-1
-1
-1
10334
4271
-1
-1
7286
-1
-1
-1
5666
-1
-1
-1
-1
9613
-1
-1
-1
-1
4449
-1
-1
-1
6048
3472
-1
-1
-1
-1
-1
5375
-1
-1
-1
-1
6984
-1
-1
6324
4919
-1
-1
-1
-1
-1
5028
-1
4838
-1
6790
-1
-1
7359
-1
-1
6670
-1
-1
-1
4270
-1
4139
-1
-1
-1
-1
-1
7337
-1
5211
4897
7751
-1
5098
4170
-1
-1
4184
5860
-1
-1
4446
3229
-1
-1
-1
-1
8028
-1
2659
-1
2550
6128
-1
4110
-1
-1
6652
6439
-1
5572
2811
-1
4125
4839
-1
4607
-1
-1
-1
5051
-1
-1
3963
4759
-1
4451
-1
4613
-1
-1
5249
-1
-1
-1
-1
2395
-1
-1
-1
-1
-1
6714
-1
-1
7390
4385
-1
6457
-1
-1
6913
-1
-1
-1
2304
2753
-1
-1
5554
-1
6866
-1
-1
3900
-1
4414
5327
-1
6553
7874
-1
4467
6256
-1
-1
-1
4520
-1
-1
5346
-1
3746
-1
-1
5870
-1
5039
-1
4791
4902
-1
6777
-1
6747
-1
4843
-1
-1
-1
-1
-1
8345
5082
-1
-1
-1
-1
4070
7410
-1
-1
-1
4304
-1
-1
-1
-1
-1
7720
6990
-1
-1
-1
-1
7829
-1
-1
5276
-1
6297
6244
-1
-1
-1
5441
-1
4913
6334
-1
6464
6077
-1
-1
7466
-1
-1
-1
2679
-1
-1
-1
-1
-1
-1
-1
-1
-1
-1
6674
-1
-1
-1
-1
-1
-1
-1
-1
-1
-1
-1
3939
-1
4839
-1
6559
-1
-1
5132
-1
10423
-1
7105
-1
-1
4653
-1
5012
-1
4517
-1
-1
6451
-1
-1
5906
-1
3863
-1
5893
7476
7640
5906
-1
7326
3650
-1
-1
6623
7653
5203
-1
4276
-1
-1
-1
-1
-1
4017
3586
4715
-1
4130
-1
-1
-1
-1
-1
7465
-1
6902
4844
-1
2426
-1
11196
-1
-1
4331
5294
-1
7382
-1
3881
-1
-1
-1
-1
5506
-1
4956
-1
-1
7660
-1
6180
-1
-1
-1
-1
7455
6053
-1
4296
-1
-1
-1
-1
-1
-1
-1
-1
-1
7099
-1
4083
5648
-1
-1
-1
-1
5640
5212
-1
-1
-1
-1
4710
-1
-1
-1
5178
-1
6742
9443
5792
-1
-1
6234
-1
-1
-1
-1
-1
-1
-1
4798
5096
-1
-1
-1
-1
-1
6883
4732
-1
-1
6985
-1
-1
-1
5553
3864
5131
-1
4237
5205
-1
-1
-1
4382
-1
-1
-1
6552
7028
-1
3803
-1
11151
-1
16740
-1
-1
9807
-1
12742
-1
6940
3744
4610
-1
-1
-1
-1
-1
-1
-1
-1
7757
-1
-1
5527
-1
7548
-1
-1
-1
-1
-1
-1
-1
-1
12708
-1
4343
9311
7817
6026
-1
-1
2336
4809
11651
-1
-1
5421
-1
-1
4469
-1
-1
6557
-1
6853
-1
-1
7825
-1
-1
-1
-1
-1
4300
-1
-1
-1
-1
-1
-1
-1
6041
4765
6039
4406
5729
-1
5167
3773
5730
8284
-1
-1
4623
6654
4316
-1
5177
2524
-1
-1
4214
-1
6708
-1
7141
6703
4464
6686
3708
-1
4314
-1
12184
7386
1942
-1
-1
4789
-1
6594
-1
-1
-1
-1
5439
-1
7086
5961
-1
-1
7265
5521
6425
-1
-1
4131
-1
-1
-1
-1
-1
-1
-1
-1
-1
-1
-1
10818
-1
2206
1597
4303
-1
-1
5719
-1
-1
-1
-1
5886
-1
5428
-1
-1
-1
-1
2474
-1
-1
5677
4435
-1
-1
-1
2678
-1
4852
4030
3791
5012
7206
-1
-1
9924
-1
-1
-1
4136
-1
6387
-1
-1
-1
-1
-1
-1
-1
5717
-1
-1
-1
-1
6752
-1
-1
-1
6895
15815
-1
4910
-1
-1
2816
6596
-1
3152
-1
-1
4319
6662
5009
-1
5339
-1
-1
-1
-1
5015
-1
-1
-1
-1
-1
-1
-1
4392
-1
6113
4864
-1
7071
-1
2675
-1
5079
-1
5228
-1
4618
10913
5919
-1
-1
3928
3620
3468
-1
-1
-1
3880
-1
2864
4410
-1
-1
7268
5775
-1
-1
-1
-1
-1
-1
10601
5857
-1
5081
-1
-1
-1
3557
4469
2864
-1
-1
3830
-1
5712
-1
7237
3806
4900
5441
4229
5692
-1
-1
-1
5419
4052
-1
-1
-1
-1
5105
-1
8056
-1
-1
4163
-1
-1
-1
6110
4380
6936
1925
5535
5470
-1
-1
4627
5952
-1
-1
6359
-1
-1
-1
-1
7106
-1
-1
7361
-1
-1
-1
5062
-1
3583
-1
-1
-1
4538
7694
-1
3229
5156
8723
-1
-1
-1
5021
3892
-1
6932
-1
-1
-1
-1
-1
-1
-1
-1
6201
6511
6139
4342
3925
6553
5485
-1
-1
-1
-1
3027
1970
-1
-1
4322
-1
6089
-1
-1
-1
-1
5319
-1
7027
-1
-1
-1
-1
-1
-1
6184
6650
6579
1789
-1
-1
7701
5897
-1
-1
4980
6953
-1
-1
-1
6028
6845
-1
-1
-1
-1
-1
-1
6603
-1
5043
5816
-1
-1
5210
4517
4138
-1
-1
-1
-1
4065
7430
4864
-1
6368
6488
-1
-1
-1
-1
2609
-1
-1
7669
4604
2272
-1
-1
8270
-1
-1
-1
7696
10460
-1
-1
-1
6474
7028
5014
5279
-1
-1
-1
-1
5252
-1
-1
-1
-1
-1
-1
3974
-1
-1
-1
5150
-1
-1
6183
3259
-1
-1
-1
-1
-1
4921
-1
-1
-1
7122
-1
7699
4552
3829
-1
-1
-1
5176
4685
6487
4744
3848
-1
5226
-1
3972
5496
-1
-1
7032
-1
-1
-1
-1
-1
-1
5263
-1
-1
-1
-1
-1
-1
7438
-1
-1
-1
5897
-1
3938
5052
5140
-1
-1
-1
4258
-1
4798
-1
-1
5643
-1
4891
10482
-1
-1
-1
3762
-1
-1
-1
4671
-1
-1
-1
-1
-1
4283
-1
-1
-1
-1
7529
5428
5900
6995
4025
4449
4351
-1
6370
4055
-1
-1
-1
6963
3290
5368
4256
-1
-1
-1
-1
-1
-1
-1
-1
-1
3745
-1
-1
-1
-1
4201
-1
-1
6081
-1
-1
4131
4935
7065
-1
6694
-1
6622
3746
4741
4993
6396
-1
4087
-1
-1
-1
-1
-1
4806
5565
-1
11242
-1
5767
-1
4068
-1
-1
-1
-1
-1
5461
-1
4705
6935
-1
6471
-1
-1
-1
3123
-1
-1
4749
10746
-1
5602
-1
-1
7670
-1
-1
6113
9062
-1
-1
5627
2702
7349
6125
8119
-1
-1
6036
5142
4522
5327
8745
-1
-1
-1
5777
-1
5812
2418
4743
-1
5073
-1
-1
-1
-1
6575
-1
-1
4315
4670
-1
-1
-1
2419
-1
-1
5947
3730
12060
-1
7004
-1
7095
2533
-1
4965
5372
-1
-1
6165
-1
4490
4019
6743
-1
-1
-1
7023
-1
-1
-1
-1
9638
-1
-1
-1
4361
-1
4699
-1
-1
4771
-1
4051
9470
-1
-1
-1
6441
5017
-1
-1
-1
3058
-1
6383
5264
4340
5281
-1
7104
-1
-1
-1
3970
-1
6642
-1
5483
7538
3134
-1
7394
-1
-1
6559
10231
9907
-1
-1
4472
-1
-1
-1
4417
-1
4079
-1
5662
-1
-1
4507
6439
5605
3643
-1
5707
6440
13414
-1
-1
6690
6126
-1
3827
-1
5384
-1
6992
8997
3185
15568
-1
4674
-1
4547
-1
-1
-1
4530
4964
-1
6059
-1
4594
5947
-1
-1
6262
-1
-1
5634
-1
-1
4790
2198
7382
4299
3169
4179
-1
-1
-1
5140
-1
-1
4185
-1
-1
-1
-1
-1
7680
7889
4088
4663
-1
-1
3108
-1
-1
-1
-1
-1
-1
-1
-1
-1
-1
7097
5216
-1
6259
-1
-1
7293
-1
4994
6342
6531
7541
-1
-1
-1
-1
-1
-1
-1
-1
-1
-1
-1
-1
-1
7858
5461
-1
-1
-1
7422
-1
3390
4435
5506
6240
1905
4102
-1
-1
-1
-1
11546
-1
-1
4597
4239
-1
-1
-1
-1
-1
6873
3356
4281
-1
3968
-1
9442
-1
-1
-1
-1
4998
7184
-1
-1
-1
-1
-1
7023
-1
-1
4170
13727
-1
-1
-1
-1
-1
4697
4587
-1
4810
5348
-1
-1
-1
4276
-1
4514
6761
5617
-1
-1
7357
4168
-1
3959
-1
4125
5101
-1
-1
3217
7099
-1
-1
4784
-1
-1
3411
-1
-1
-1
3365
-1
7499
-1
-1
4611
-1
4743
4591
-1
-1
5473
3885
-1
-1
-1
-1
4519
5008
4030
-1
-1
-1
-1
9799
5860
-1
5583
-1
-1
-1
-1
-1
-1
3243
7187
-1
-1
4428
-1
5180
4320
-1
4941
-1
4385
-1
4986
-1
-1
-1
-1
6127
-1
-1
5526
-1
-1
-1
-1
4388
-1
-1
8858
-1
5743
-1
-1
4001
3780
2703
-1
4385
-1
5622
-1
-1
-1
6507
5561
10545
5691
-1
4916
-1
-1
6418
-1
-1
-1
-1
-1
1783
4329
5424
-1
-1
-1
-1
5859
4260
-1
4521
-1
-1
-1
2558
-1
7715
4917
-1
-1
4360
5157
4334
7066
4163
6352
2171
7993
-1
-1
3314
-1
-1
-1
7791
4591
4667
4067
-1
2273
-1
-1
4488
4355
-1
6158
-1
-1
-1
5242
4490
-1
-1
4432
6015
-1
-1
5761
-1
6307
-1
-1
4079
-1
-1
7767
5252
-1
6603
-1
-1
5159
-1
-1
-1
4396
-1
4369
6070
-1
11306
-1
3900
6734
6041
5205
-1
5884
3497
6904
-1
-1
-1
-1
-1
-1
-1
5011
4186
6208
-1
-1
7829
-1
7063
-1
-1
5367
-1
4884
-1
-1
6331
5720
-1
7313
6475
-1
-1
6675
-1
-1
-1
4068
-1
7411
5663
-1
4800
4411
-1
-1
5352
-1
-1
-1
-1
6830
-1
-1
-1
2501
-1
6932
7658
5988
-1
-1
6318
-1
5709
5357
-1
5404
5318
4706
4751
-1
-1
-1
6796
-1
-1
-1
-1
3029
5487
5595
7494
4316
3945
-1
4159
-1
2391
-1
4174
7279
-1
-1
-1
-1
6401
5469
6535
-1
6135
4600
-1
-1
4247
5141
-1
-1
-1
-1
-1
-1
4166
-1
3619
-1
-1
-1
-1
6638
-1
-1
4185
-1
6774
6770
-1
-1
6739
4631
-1
-1
-1
4857
4334
-1
4481
-1
-1
5803
4225
-1
6998
-1
5235
6025
-1
5182
-1
-1
-1
-1
-1
-1
4316
-1
-1
-1
3244
-1
4071
5657
5173
7096
2259
6573
-1
-1
-1
3928
5037
3769
5165
4253
-1
4843
-1
6112
-1
4650
3753
-1
-1
-1
-1
7564
6005
-1
-1
-1
-1
-1
6587
-1
-1
5145
2898
-1
-1
4087
5343
-1
-1
6623
-1
-1
4611
-1
6222
5912
4462
-1
6678
-1
-1
-1
7067
-1
-1
3765
3614
3824
3364
6054
-1
-1
-1
-1
-1
4378
4646
4083
5663
6662
3544
-1
-1
7547
-1
-1
3847
5586
-1
7002
-1
-1
5001
1879
3911
-1
-1
5064
4204
-1
-1
6294
5611
5877
5637
6087
4637
-1
5907
-1
-1
-1
-1
5559
-1
4615
-1
5773
-1
-1
3684
-1
-1
3493
-1
-1
3585
-1
-1
-1
-1
-1
6486
-1
-1
-1
6288
3884
6326
-1
6200
5723
-1
3837
-1
7498
4069
6710
-1
2460
-1
7194
7106
5616
5250
4088
-1
-1
3700
6487
-1
-1
-1
-1
-1
3198
3694
-1
-1
-1
-1
5829
-1
7445
4661
5327
4767
-1
-1
7352
-1
-1
-1
5706
4250
-1
4382
-1
7071
6752
5349
3701
-1
-1
-1
-1
6970
6390
5300
5161
6550
-1
4276
6186
4444
4255
-1
2606
-1
5504
4361
4953
-1
4174
-1
7056
-1
-1
4507
5064
-1
-1
4133
6071
3672
-1
6187
-1
3977
-1
-1
-1
6053
-1
4702
6817
5125
-1
-1
4405
6454
4932
5623
-1
-1
7558
-1
-1
-1
-1
9273
4987
4254
3214
-1
-1
-1
-1
-1
2956
-1
-1
-1
5403
-1
-1
-1
1962
5738
4635
6324
4396
3749
4932
4092
-1
-1
-1
-1
-1
-1
-1
-1
-1
-1
5833
7459
2804
-1
6436
3499
-1
7169
6034
6189
-1
5852
-1
6045
-1
-1
4124
5646
4611
-1
4145
-1
7147
-1
5187
5547
6808
4627
5459
-1
3457
3545
4658
-1
4369
-1
-1
5850
-1
-1
-1
-1
-1
5896
-1
-1
4368
-1
6640
2717
-1
5096
-1
2887
6611
3072
5520
-1
-1
8993
-1
5770
-1
-1
-1
6579
-1
4037
-1
4418
6531
-1
-1
-1
-1
-1
-1
-1
3221
5346
5302
3967
4428
6085
-1
-1
5334
5232
5329
-1
-1
10937
6851
-1
-1
4661
5057
-1
-1
-1
4872
5771
-1
-1
-1
4497
4130
6315
-1
3962
5970
6251
-1
-1
-1
3705
4051
5933
-1
-1
-1
3794
-1
5240
5512
9276
-1
-1
-1
6443
6158
-1
-1
-1
4768
5177
3718
3463
6280
-1
-1
6254
4032
6492
5515
3722
5118
4957
6698
-1
5383
6870
4328
-1
-1
5255
3883
4030
5232
6051
4395
-1
-1
6383
4643
-1
-1
-1
-1
-1
4299
-1
4245
3834
4196
-1
-1
-1
-1
-1
-1
2557
-1
-1
3259
2937
7284
-1
-1
-1
-1
6807
-1
-1
-1
-1
7488
-1
6491
5449
6289
-1
-1
4538
-1
4703
4823
6417
4304
6125
-1
7124
4339
-1
-1
-1
2091
7498
-1
4956
6245
-1
-1
-1
5473
-1
-1
-1
5737
-1
4336
6784
6697
4581
3783
-1
3469
-1
-1
10767
4361
-1
4698
5004
-1
1761
-1
-1
-1
-1
-1
-1
-1
5981
6325
4029
-1
6786
-1
-1
-1
5639
2261
-1
4311
-1
-1
5789
-1
-1
5973
-1
-1
-1
-1
-1
-1
-1
-1
-1
-1
-1
2930
-1
-1
3214
-1
7528
4909
-1
-1
-1
-1
-1
4874
2070
6484
-1
-1
-1
3960
-1
4223
-1
4328
3443
-1
-1
-1
-1
-1
-1
-1
4194
6027
-1
6283
-1
-1
-1
6720
5420
8616
-1
-1
-1
-1
-1
-1
-1
-1
4039
-1
5093
-1
6477
-1
4535
-1
6447
6524
4381
-1
5160
6082
4863
-1
-1
-1
5676
-1
7466
6493
-1
6392
5140
6870
-1
-1
-1
-1
-1
5784
3275
5718
-1
-1
-1
-1
-1
6847
-1
5057
-1
-1
-1
4605
5673
5672
4038
6394
5567
-1
6329
-1
-1
-1
3643
-1
6123
-1
3443
-1
6641
2217
4424
-1
5866
6544
-1
5124
2655
6478
4424
5483
-1
6021
-1
4030
5339
6487
-1
-1
-1
-1
-1
-1
-1
3293
6198
-1
7007
4590
-1
-1
-1
-1
-1
-1
-1
-1
5444
-1
9861
-1
-1
-1
-1
5434
3623
4136
-1
5411
-1
-1
-1
-1
-1
-1
7077
-1
-1
-1
-1
-1
-1
-1
-1
-1
-1
-1
4981
12941
5547
-1
-1
-1
-1
6406
5162
-1
5132
-1
-1
5145
3368
5138
-1
3874
-1
4536
5455
-1
-1
2516
-1
-1
3894
3169
3849
6531
5977
-1
4643
10859
-1
-1
4061
-1
1575
-1
-1
5200
-1
-1
-1
-1
-1
5478
3734
-1
-1
-1
-1
-1
6194
2763
1843
12661
14596
4409
-1
-1
-1
-1
-1
3585
-1
3744
5452
6959
-1
-1
5307
-1
4674
2165
3497
6380
-1
3908
5658
-1
-1
4168
3142
2049
5176
-1
-1
5525
6688
5805
2908
6797
-1
-1
3147
-1
-1
5492
-1
6501
3839
-1
6801
4236
5908
-1
5767
-1
-1
-1
3279
-1
-1
-1
-1
5025
-1
-1
6474
-1
-1
4963
-1
-1
5597
-1
3921
-1
4150
4116
3487
-1
-1
3982
5188
-1
-1
6320
5224
4384
5226
5707
3753
5372
5372
3704
-1
-1
-1
3824
4006
4356
5095
5041
4927
3732
-1
4052
-1
4757
6528
-1
-1
3920
6536
6740
5527
5186
4826
-1
-1
3639
7186
7425
4168
-1
3060
5593
4469
6660
5006
-1
-1
4008
4072
3538
4731
5001
6586
3748
-1
5651
-1
6820
3672
4081
6487
4184
4202
2392
-1
-1
5382
5777
-1
7051
-1
4186
-1
-1
-1
-1
3814
-1
-1
4963
5834
-1
4264
-1
6381
-1
-1
-1
3708
4659
6596
4841
-1
4177
5611
-1
-1
6248
5341
5027
4308
-1
-1
4996
3400
3100
6749
-1
-1
3965
-1
-1
-1
-1
-1
7227
-1
-1
5172
-1
-1
-1
3831
3410
-1
-1
6601
-1
4023
-1
6693
-1
-1
-1
-1
-1
6441
-1
-1
5769
4141
-1
-1
-1
-1
-1
5749
-1
6440
-1
3748
2469
-1
6208
-1
-1
6337
4309
-1
4749
-1
-1
6721
-1
-1
-1
5581
-1
4897
4490
-1
-1
-1
-1
-1
4202
-1
-1
-1
5602
3322
5884
-1
6564
9780
-1
5986
7302
-1
5789
-1
1564
6613
-1
6981
-1
4976
-1
10231
4965
4978
5908
-1
6401
-1
-1
-1
-1
-1
-1
3912
-1
-1
-1
5162
-1
-1
-1
3765
-1
-1
-1
4818
-1
3964
5461
3925
6441
-1
-1
5581
4966
5423
-1
4375
-1
3776
3158
-1
-1
5655
4261
-1
-1
5232
5213
-1
3685
5423
6241
-1
-1
-1
-1
6165
-1
-1
-1
5847
-1
4484
-1
-1
-1
-1
-1
-1
-1
3843
6359
-1
-1
-1
7176
-1
3299
-1
5169
-1
-1
5838
5701
-1
5809
3905
-1
3277
-1
-1
3008
-1
-1
-1
-1
-1
-1
-1
2998
-1
-1
6317
5529
4674
-1
-1
-1
6180
-1
4945
-1
4838
6292
3907
-1
5766
4938
3121
5628
4578
10423
3951
5701
4251
3487
-1
4663
5123
-1
3150
-1
3775
-1
2902
-1
-1
6263
-1
3949
-1
3638
5336
5369
2655
3027
-1
-1
-1
-1
5755
3054
6057
4626
-1
-1
-1
5274
-1
3780
-1
5912
5634
4466
-1
4521
4279
4665
5094
2965
5321
-1
6344
-1
3798
6106
6873
4734
6349
-1
3394
-1
4489
4866
-1
-1
-1
4491
1845
6609
3810
2029
3476
-1
6058
-1
-1
6695
6479
-1
-1
3190
-1
7607
-1
6033
4932
4202
4117
3943
4990
6292
-1
2753
-1
-1
3356
-1
4813
-1
3701
4346
11242
2543
-1
6285
6260
-1
4414
-1
-1
6426
3565
6989
4019
3874
5391
-1
3941
-1
-1
-1
5355
-1
-1
-1
5593
-1
5737
4798
-1
-1
6230
-1
3973
-1
-1
4593
4916
-1
-1
6693
1776
-1
-1
3836
-1
-1
2244
4988
-1
3533
5198
-1
5699
4919
-1
-1
5905
-1
4999
6761
3122
-1
-1
-1
-1
-1
-1
5353
-1
4561
4476
4614
-1
-1
-1
6187
6466
5909
6412
-1
-1
5226
-1
-1
-1
6741
-1
-1
-1
6270
-1
-1
3889
7077
4636
-1
-1
-1
-1
-1
7103
4233
2967
-1
3277
-1
-1
-1
3624
-1
4980
-1
-1
5600
7457
-1
-1
5409
-1
-1
4757
-1
-1
3846
3747
5054
5728
4454
-1
5811
4750
6297
4705
4998
5246
-1
5290
-1
-1
-1
-1
2903
4514
6219
3557
-1
-1
-1
-1
-1
6177
3379
3654
-1
6159
3205
5805
-1
-1
2061
6641
-1
4762
-1
-1
-1
-1
-1
4067
3825
-1
4423
-1
5331
6849
-1
-1
-1
-1
-1
6600
-1
-1
-1
3793
2776
-1
5300
6439
-1
4291
-1
5294
2204
-1
4007
-1
6283
-1
-1
4217
-1
-1
4761
6232
3363
3847
5815
-1
-1
5322
-1
1647
-1
-1
4965
5407
3518
-1
-1
4034
3457
-1
4006
-1
4174
4234
-1
6065
5105
-1
4411
-1
-1
6951
5037
3154
-1
-1
-1
3808
5135
2610
6456
4613
4435
4223
-1
-1
-1
-1
-1
5473
-1
-1
3601
4211
-1
3297
3960
5817
-1
-1
5260
3114
5204
4717
4938
3712
6657
6039
-1
5601
2140
5025
3545
5589
-1
1477
-1
3797
4632
-1
-1
-1
-1
-1
-1
-1
6890
-1
4227
-1
5667
4599
2980
-1
3056
6556
6760
-1
-1
3655
4629
6394
-1
6786
4686
5505
6161
5599
3315
-1
-1
-1
-1
6083
-1
-1
-1
4504
4946
7055
-1
5637
4894
-1
-1
3935
3566
5777
3897
6882
-1
7488
2132
-1
4900
-1
15637
-1
6312
4842
5534
-1
5957
-1
-1
6762
3140
-1
3704
3802
4339
3527
3521
4888
-1
3406
-1
-1
-1
-1
-1
5001
4120
7286
6010
4519
5421
-1
5401
-1
-1
-1
-1
5822
-1
-1
-1
4796
-1
-1
5553
3335
-1
-1
4689
5733
-1
-1
-1
5623
-1
-1
-1
-1
3183
-1
-1
5490
-1
3668
4427
6857
-1
-1
4105
4914
-1
6111
3723
-1
6293
4900
-1
3899
-1
-1
6954
-1
6891
6073
-1
-1
4627
6214
-1
3790
3605
-1
-1
3498
-1
5125
-1
5053
5698
-1
-1
5861
-1
4143
4255
4982
-1
4359
5227
4860
-1
4642
-1
4749
-1
-1
4877
4987
-1
4603
-1
4941
3405
-1
-1
3583
3927
-1
-1
-1
2216
-1
-1
6715
5752
-1
4759
-1
5147
3568
-1
5080
-1
4724
3300
5830
-1
4347
6393
-1
-1
5091
5947
4736
2568
3153
-1
-1
-1
4385
-1
-1
-1
2321
-1
-1
5096
6254
3278
-1
-1
6223
5255
-1
-1
3765
4442
5808
-1
-1
3655
3760
10539
5176
-1
-1
-1
-1
4754
-1
5180
7114
6855
13554
-1
4832
4496
-1
-1
-1
-1
6116
-1
3786
3823
2440
5269
-1
4357
-1
9564
-1
-1
-1
-1
3943
6244
3614
5223
3897
3961
4962
3616
-1
-1
4413
-1
-1
5372
-1
-1
-1
-1
4299
-1
-1
2782
3972
-1
6089
4724
-1
-1
5804
5457
4689
6475
3629
3435
-1
-1
5752
-1
4296
-1
5265
4765
-1
-1
2768
4613
4473
6581
7263
-1
5631
3919
-1
5026
6245
-1
5595
-1
1480
-1
-1
3567
4687
5963
-1
4041
4615
4426
5586
6865
-1
-1
4738
15087
-1
4171
-1
-1
-1
-1
-1
5267
10154
4743
3939
3303
-1
4607
-1
-1
-1
5170
-1
6134
-1
5787
4100
5480
5732
5020
-1
-1
4462
-1
-1
-1
4581
3943
-1
-1
4663
6526
5060
-1
6301
3019
-1
4846
3411
4222
-1
6425
3619
5364
5454
4171
2836
5626
-1
7124
-1
5010
-1
-1
-1
5584
4706
6709
1970
4258
5150
-1
-1
-1
5981
6067
-1
-1
7196
-1
6709
5515
-1
5357
4714
-1
-1
5426
-1
3950
5526
1772
5578
4079
-1
-1
6527
-1
5142
3555
4740
-1
-1
5178
3504
5718
-1
4821
-1
-1
-1
6092
2855
-1
4983
6109
6433
6265
-1
3168
5649
-1
-1
4846
-1
3794
-1
-1
-1
3655
3230
-1
-1
-1
-1
-1
4849
3726
-1
-1
4852
-1
3781
-1
-1
4474
-1
2357
-1
4939
-1
5780
-1
4939
5669
-1
-1
5013
-1
3701
-1
-1
-1
13735
-1
5437
-1
-1
1850
-1
2849
-1
-1
6801
-1
-1
4166
-1
3901
3317
4598
-1
-1
-1
-1
3706
-1
-1
6772
-1
4854
3343
5585
3317
3627
6047
-1
4500
-1
-1
-1
3869
-1
5265
5079
6070
-1
-1
-1
-1
-1
3906
4882
-1
5300
10482
6461
-1
5973
-1
4759
-1
4913
3864
-1
-1
-1
-1
-1
6011
-1
-1
-1
5558
-1
6740
2901
-1
-1
-1
-1
-1
-1
-1
-1
3569
7261
-1
-1
-1
-1
2838
-1
-1
4925
4174
5424
-1
6293
-1
7219
4336
-1
-1
2059
-1
5010
4425
-1
2072
-1
-1
4723
4913
-1
4545
5240
-1
5605
-1
4810
4277
5810
-1
-1
2306
6569
4020
3295
-1
-1
3146
-1
5473
3691
-1
4261
8761
4875
4953
-1
-1
-1
-1
-1
2743
-1
-1
5043
-1
3396
-1
4916
-1
-1
-1
-1
-1
-1
6750
-1
4584
3963
-1
5342
-1
-1
-1
4826
-1
-1
4426
-1
-1
-1
-1
9657
3994
-1
4639
1678
-1
-1
2953
-1
-1
-1
-1
-1
-1
2162
-1
3438
3853
-1
3608
3373
5649
-1
5126
7103
4002
-1
5685
5199
3546
4186
-1
6432
-1
3691
-1
3365
-1
-1
-1
-1
3345
-1
-1
-1
-1
5630
-1
3916
-1
2304
3859
-1
-1
6778
-1
5199
-1
5922
-1
-1
9552
-1
3679
-1
6348
6599
5578
-1
1650
-1
3134
3714
3236
-1
5746
5304
3336
5414
5346
-1
-1
-1
4271
-1
6699
-1
3755
9116
-1
5644
6018
-1
-1
-1
4538
-1
5259
7222
4280
-1
-1
6694
3973
3898
-1
4816
5680
4266
-1
3155
7096
-1
-1
-1
-1
4467
5019
-1
-1
-1
5112
3088
3036
3576
5533
3368
6161
-1
-1
-1
4974
4089
3044
3329
-1
5461
3507
-1
-1
4482
5152
4256
-1
5024
3658
3881
3158
-1
-1
6536
6047
4461
-1
4995
5506
3962
4545
6097
-1
-1
4343
-1
-1
5868
3191
5646
3747
-1
-1
4055
5324
4798
-1
4182
2875
-1
5934
3164
3376
-1
3408
-1
-1
5047
-1
-1
-1
5826
-1
5094
5230
3416
6016
-1
-1
-1
-1
-1
4852
2481
6632
4779
-1
-1
-1
-1
-1
-1
3267
-1
-1
4304
9777
4068
5413
3715
-1
-1
5746
-1
2654
-1
3569
2488
6880
-1
-1
-1
4438
5525
-1
6174
2451
-1
5815
5624
5932
-1
5811
-1
-1
-1
3590
-1
-1
4270
2451
3349
-1
5956
5710
-1
-1
-1
-1
4263
-1
-1
4657
5304
2908
4132
-1
5754
-1
4329
-1
3619
5495
3792
5566
6487
-1
6281
5930
6278
6180
-1
-1
6191
6371
-1
6481
-1
-1
-1
6236
-1
-1
-1
-1
4538
5191
3483
6211
2982
6223
-1
3346
4589
-1
6505
3224
3225
-1
-1
4802
6391
-1
4908
5043
4622
-1
4523
-1
-1
-1
-1
-1
1806
-1
3694
6217
-1
4700
5115
-1
-1
6613
-1
4561
3741
2901
4905
4982
2669
6226
6265
6225
-1
4224
2874
-1
-1
2895
3819
3057
-1
3865
8478
5060
5017
4446
-1
-1
-1
3931
3756
5691
-1
-1
-1
-1
4602
-1
-1
2865
-1
4576
6163
-1
2755
-1
-1
-1
-1
-1
5857
-1
12670
-1
-1
-1
5431
-1
6530
5742
4447
-1
-1
6047
4772
5088
-1
-1
-1
5259
3862
4515
-1
16166
-1
5539
3110
3483
8529
5069
6101
-1
-1
4363
-1
-1
5115
3590
3362
-1
-1
-1
4455
5427
5346
4055
4242
4089
5018
-1
4098
4261
3282
4889
6341
2761
-1
3777
-1
6222
4020
3929
-1
-1
-1
-1
3231
-1
5434
-1
-1
-1
-1
-1
-1
-1
6061
-1
-1
3603
-1
-1
-1
3133
4366
2070
5656
-1
-1
-1
-1
3134
-1
-1
6836
-1
-1
4417
5047
3730
4017
5079
-1
-1
6325
3858
3948
4564
-1
4780
-1
4793
-1
4024
3699
-1
-1
5711
3297
-1
-1
6589
-1
5690
-1
4883
6095
3055
-1
4987
5359
4678
5437
4186
5869
4234
-1
-1
5964
-1
4063
-1
3376
-1
6946
5881
-1
-1
5751
5643
-1
6569
3718
5118
6374
8738
2886
-1
4906
3856
-1
2652
-1
4543
5860
-1
5201
-1
-1
4581
-1
5867
5672
3800
2974
-1
3872
-1
-1
4287
3752
-1
-1
2523
-1
6156
3487
-1
5576
4071
-1
-1
4435
4435
7013
-1
5490
5894
-1
-1
4083
4079
-1
4504
3593
-1
-1
11696
5540
-1
4452
-1
2046
3421
4233
2877
3016
4374
6194
3183
5146
2785
-1
-1
3950
-1
4399
4861
5357
3856
3715
5844
-1
-1
3521
-1
-1
-1
4551
-1
5148
5306
-1
1509
6534
-1
5996
-1
3326
5255
-1
4500
-1
-1
-1
-1
-1
2992
5049
5090
3559
-1
7415
5951
6689
-1
3661
4985
-1
-1
-1
5108
-1
5912
5246
3818
5986
3853
-1
3999
4790
5526
3734
6347
-1
-1
-1
-1
-1
4247
4428
6657
4107
5408
3272
-1
-1
-1
8939
-1
4673
5175
4195
-1
3531
3774
6209
4692
4654
-1
5309
-1
4649
5733
3178
-1
11502
4245
-1
-1
-1
2261
2752
4969
3396
5600
5558
3206
3557
6419
-1
-1
-1
4982
-1
2401
-1
-1
-1
-1
-1
-1
-1
-1
-1
-1
-1
-1
-1
5394
4434
-1
6011
-1
-1
-1
5837
10898
5563
4088
-1
-1
5320
-1
-1
4454
4296
-1
5783
-1
-1
-1
4438
4654
5290
-1
-1
3430
4691
4319
-1
5142
5510
6089
-1
10818
3640
-1
-1
-1
3464
6127
-1
-1
-1
-1
4541
5371
5062
3133
-1
-1
-1
-1
5038
-1
-1
-1
4919
-1
3881
5557
-1
6278
4654
4695
3733
6080
-1
5609
3276
-1
4776
4418
6146
-1
6141
-1
-1
2392
4195
6388
5979
4282
-1
-1
3984
-1
-1
-1
-1
3257
-1
4431
2673
5288
-1
4370
-1
-1
6275
5011
-1
8598
3475
3724
-1
4555
5504
-1
3405
-1
-1
4001
-1
6198
5454
-1
-1
-1
-1
8419
-1
3583
-1
-1
-1
3315
6018
-1
3321
-1
-1
3461
5649
5105
-1
-1
6063
4750
3907
5951
-1
4873
-1
-1
-1
2929
-1
4209
2341
6270
4249
6396
4558
12420
-1
-1
5283
4005
-1
-1
1761
4564
5421
-1
-1
5875
-1
-1
-1
-1
5155
5729
3916
-1
6273
2201
-1
-1
-1
-1
5707
4254
-1
-1
-1
6492
3230
-1
3590
-1
4993
-1
-1
4993
-1
-1
3817
5806
4596
4642
6552
4692
-1
6198
1140
-1
4115
4174
5305
4811
2701
4636
-1
2139
3319
3914
-1
4658
5382
5287
-1
8210
-1
5065
-1
-1
6483
-1
-1
3812
5087
-1
-1
-1
4982
3134
2257
-1
-1
5857
-1
3490
7284
5615
3744
-1
5785
-1
4534
-1
3906
-1
3722
4522
5925
-1
4514
6332
-1
5624
4316
-1
-1
-1
-1
-1
2688
4886
4403
4595
4904
4959
-1
3178
-1
6319
-1
4352
-1
-1
4605
-1
4563
-1
4285
-1
-1
4575
4417
-1
3037
4067
-1
1641
2355
-1
-1
3484
-1
4361
4209
-1
4641
-1
2351
-1
4024
5443
5195
5202
5456
-1
4100
6059
5094
2518
4191
-1
3667
-1
4071
4405
-1
5198
4172
2004
4648
-1
3903
-1
5449
3726
-1
-1
1985
3520
5796
4098
-1
5708
5090
4322
4972
-1
-1
-1
-1
7050
-1
4543
-1
4704
5928
6437
3991
2866
-1
5467
4738
3251
3488
3780
-1
-1
-1
3782
-1
3381
5020
-1
-1
5716
5167
-1
5692
5755
5536
-1
3083
-1
3794
10520
4068
-1
-1
-1
4710
-1
3763
2322
5408
-1
3507
-1
-1
5203
-1
-1
2816
-1
3385
4770
-1
5135
5053
-1
3032
-1
4547
-1
-1
4765
-1
-1
2427
-1
4072
5265
6615
4142
5117
-1
4125
-1
3072
-1
4196
2243
5551
-1
-1
3712
-1
-1
-1
5605
-1
-1
-1
4101
4683
4050
-1
4273
4841
-1
6262
-1
2630
-1
-1
8939
6650
-1
-1
3533
4547
-1
-1
3750
-1
4253
-1
-1
-1
-1
3477
4027
4904
-1
-1
3414
4629
-1
-1
4802
8697
6437
-1
3630
2448
4095
-1
11893
7611
4059
6748
-1
2557
6294
-1
3901
6451
4995
-1
5122
-1
7453
3711
-1
-1
5746
4527
5973
-1
5000
-1
-1
-1
5583
5162
-1
-1
2889
4150
-1
-1
-1
4365
-1
3872
5224
4938
-1
4193
4303
4026
-1
4125
4622
-1
-1
4067
-1
8944
-1
6419
-1
-1
-1
3908
3290
-1
5674
3002
3698
5079
-1
-1
6057
5063
-1
3626
-1
6945
-1
-1
-1
2693
5170
-1
4841
2120
3399
-1
5873
2683
-1
6699
15204
5411
3173
-1
-1
2584
2976
-1
-1
5790
-1
2695
-1
3686
-1
-1
5726
-1
9622
4117
-1
5240
6203
2395
4726
-1
5588
-1
-1
4502
4637
-1
2763
-1
-1
5903
-1
3639
4642
3891
2033
-1
3774
-1
4264
-1
-1
-1
2971
-1
-1
-1
6576
-1
-1
4504
-1
-1
5476
4704
3257
-1
5191
4494
4540
5413
3906
4530
-1
4784
-1
3814
-1
-1
-1
-1
5359
-1
6133
-1
4686
-1
-1
4014
4373
4873
-1
-1
-1
4613
-1
-1
2756
4489
5377
-1
5786
4894
-1
3915
2807
-1
3985
-1
4819
-1
-1
-1
-1
-1
5135
-1
4904
5588
-1
4362
3375
4046
4497
-1
-1
-1
-1
3629
4852
4709
5636
-1
6227
2450
-1
-1
3224
11589
-1
-1
3915
5937
-1
1043
4264
5480
3946
2646
5254
2514
-1
-1
4235
-1
4218
3083
-1
-1
-1
4908
4127
-1
-1
-1
4366
4378
5849
-1
-1
5253
-1
3664
-1
-1
-1
-1
-1
-1
-1
3643
8528
4642
4515
2115
-1
4074
1824
-1
3058
-1
3688
2570
-1
6568
5012
3266
3294
4753
2395
5631
-1
2614
3860
-1
5846
-1
6164
5372
2593
-1
-1
4887
2274
-1
4765
4199
-1
-1
-1
6077
4805
4798
4142
2955
-1
4323
-1
2934
4136
-1
-1
4580
5157
-1
2989
5199
1291
-1
-1
2323
3826
5553
-1
-1
-1
6764
2546
4569
7007
4747
4860
-1
-1
-1
1061
-1
5049
3755
5029
4920
5734
4597
5031
-1
4569
6100
-1
-1
3841
-1
3230
5183
-1
-1
3179
-1
5278
4982
-1
-1
-1
5813
3145
2447
1506
4156
4798
1275
2786
-1
-1
5043
4380
2348
3860
6128
-1
-1
15815
-1
2355
-1
5040
3748
-1
5996
3180
3787
6156
-1
-1
3286
-1
3224
6244
-1
-1
-1
-1
-1
4223
-1
4632
2687
4283
-1
4261
-1
4703
4442
12160
-1
2580
-1
5526
-1
5176
-1
4273
3011
-1
2787
8441
-1
-1
4524
2760
3035
-1
2659
-1
-1
2994
5011
-1
4320
-1
3873
4382
5185
4819
3684
-1
5585
-1
-1
1817
-1
3623
6406
6093
3057
3473
3858
-1
-1
5718
-1
-1
3912
2153
-1
5204
2811
-1
3405
-1
-1
2962
3962
-1
4867
-1
4027
4870
3646
5301
-1
2593
3872
2649
-1
5870
3932
-1
5870
3666
5274
3458
-1
-1
3312
4969
2395
-1
5930
-1
5176
4431
-1
4689
-1
-1
-1
4721
4357
3091
3532
2985
-1
-1
6049
3147
5033
4864
3216
-1
-1
5139
5139
-1
-1
-1
-1
4225
3913
-1
3925
-1
5800
-1
2948
6431
1963
5869
-1
2608
5136
2334
-1
3722
-1
4003
6399
4121
-1
3793
5857
4129
3665
3255
4076
4765
3371
4779
-1
-1
5523
-1
-1
2961
10913
-1
12065
-1
2676
-1
-1
5752
-1
2740
-1
3727
5197
2985
-1
-1
3088
1311
-1
5260
4377
-1
-1
-1
6851
-1
2306
5376
4044
4729
-1
4007
4668
3304
4679
5181
3771
-1
-1
2623
3325
5483
4944
-1
3485
-1
6212
-1
5638
-1
4273
3813
-1
-1
2923
-1
3430
5058
-1
-1
5116
3791
5920
2596
3021
-1
5358
-1
3878
3507
-1
2413
5642
-1
3360
-1
4209
5819
4985
5049
-1
-1
-1
4250
3051
-1
5127
-1
3196
5972
-1
-1
-1
-1
-1
5220
-1
2777
4738
5505
2835
-1
5840
-1
2704
-1
-1
5095
-1
3507
-1
-1
2920
4273
6429
7437
3893
2810
4937
-1
5064
2531
-1
4668
-1
5407
-1
4776
2814
-1
-1
5451
-1
4148
4071
5749
3673
3784
4818
-1
4162
3443
4446
-1
2615
7089
-1
2587
-1
-1
4373
4266
4595
-1
4678
5223
5783
4452
-1
4395
5792
-1
-1
-1
2392
-1
-1
3998
-1
5846
3439
-1
4869
5931
2767
-1
-1
2057
5392
2713
5771
3459
-1
3106
3055
4137
-1
4475
6365
-1
2460
5010
-1
4890
3219
4177
3019
-1
3606
3932
4423
-1
4901
3074
3608
-1
5277
-1
4474
3896
-1
-1
-1
5090
-1
5893
5590
3913
4125
-1
4932
-1
-1
5755
2742
-1
5460
-1
-1
-1
3396
3320
-1
-1
-1
3771
-1
4662
2845
5188
4255
5274
4253
2344
3305
5351
2631
-1
-1
4014
-1
-1
5451
3840
5155
-1
3935
3282
3549
3122
-1
4773
4485
5899
5220
5654
5183
-1
6902
4637
-1
3970
-1
2842
5954
2217
3714
4176
5997
6729
4245
-1
-1
-1
5673
3917
-1
4884
-1
-1
5091
9276
3777
-1
-1
5615
-1
-1
4351
-1
4261
-1
3019
3563
4601
-1
2969
-1
-1
-1
4087
4996
3754
3074
2495
3243
-1
-1
-1
5904
2768
-1
4073
-1
3021
5025
4220
-1
7181
4561
4702
3825
-1
-1
-1
3585
-1
-1
-1
5094
-1
3097
-1
3955
3616
5946
-1
5056
-1
-1
4909
4415
3507
3241
3222
-1
-1
2296
6734
4707
4308
2539
2339
2639
-1
-1
-1
5238
5004
3955
-1
4411
5855
4351
-1
3236
5150
4322
2072
-1
-1
4749
-1
2757
-1
3710
5218
5579
-1
4535
4252
5301
-1
3280
4480
4370
-1
3989
-1
4571
-1
3243
4585
2583
2471
6087
4993
4172
4727
4752
-1
1823
4381
3887
-1
-1
2653
-1
4673
4864
-1
-1
-1
4946
2708
3441
4637
6423
-1
-1
-1
5876
2791
-1
2910
1993
4275
4982
3381
5723
2941
-1
4448
-1
1685
4998
4424
5861
3133
-1
5923
3416
-1
2822
3613
4857
-1
4003
3275
-1
-1
-1
6015
2739
4819
4836
-1
4198
-1
5899
-1
4004
3647
5544
-1
4715
5130
3654
5808
4014
-1
-1
-1
-1
-1
-1
3003
4723
-1
-1
4639
-1
-1
4333
3669
-1
2490
-1
4347
-1
-1
2755
5935
-1
-1
-1
4440
2528
-1
2448
-1
3003
-1
2903
-1
-1
4555
-1
6557
3507
3119
2843
5646
3993
5569
2771
5070
-1
4596
1871
4687
-1
4320
2129
4968
-1
5101
5279
-1
2577
-1
2913
4369
-1
2360
-1
4446
4405
4347
2311
-1
-1
3905
4706
5637
5453
5177
2724
3836
2672
2377
2489
5049
-1
3399
3200
2622
6565
-1
-1
3083
5230
4509
2593
-1
-1
-1
2727
1506
4064
5683
6016
-1
5994
-1
3730
3704
2211
-1
3586
3096
4859
4934
-1
4762
3922
3527
2771
-1
2122
2724
-1
5537
-1
4016
-1
5298
4667
-1
2941
1918
5846
4460
-1
4876
-1
2759
3835
4320
5481
3096
-1
-1
2814
3768
4538
-1
3506
2630
2947
4721
4631
-1
3949
3521
5908
-1
1743
2754
-1
-1
2339
3432
3747
-1
2258
4462
4416
6598
3878
-1
-1
8944
-1
3596
4303
-1
-1
-1
4627
4130
4185
-1
-1
5379
4541
-1
4666
-1
2679
4408
-1
4268
5259
-1
-1
4960
2532
-1
3464
2167
4799
-1
4148
-1
4708
2183
3583
-1
-1
-1
3257
5346
-1
5468
5055
1573
4603
5010
5865
-1
5180
3544
3046
-1
4290
4813
-1
-1
4759
-1
-1
-1
-1
5023
3662
-1
-1
5369
3084
1853
3444
3090
-1
3712
6375
2520
-1
4787
-1
5469
5857
5316
4908
1716
3735
-1
-1
-1
2932
-1
3451
4184
2535
-1
-1
4536
4963
-1
11062
3490
4235
-1
-1
-1
8882
2683
3746
-1
-1
-1
-1
5280
3864
3272
4924
-1
3978
3446
4427
13414
-1
3455
5908
-1
-1
16322
3479
4380
-1
5860
2579
5927
-1
-1
5159
4397
3185
-1
-1
5467
-1
-1
-1
4501
-1
4347
3410
-1
-1
-1
-1
-1
1878
2961
-1
-1
-1
2079
-1
3032
5008
2546
-1
-1
-1
5025
5749
2566
3549
-1
-1
-1
3479
-1
4366
-1
-1
3091
-1
2975
2834
5773
-1
4502
-1
5625
-1
5318
4572
5470
-1
-1
4477
2920
4148
-1
5469
5610
-1
2564
2583
-1
4825
3641
-1
4500
2078
-1
3808
5158
2558
3299
-1
4863
-1
3467
5563
2602
6599
4037
3263
4322
5137
1896
4220
-1
5819
4423
2790
2714
-1
3805
5523
-1
3603
3475
-1
-1
2033
3280
5430
1943
3284
3044
-1
5548
2543
-1
-1
2850
6326
3749
-1
4642
5049
-1
-1
4860
4982
4889
3727
-1
4402
2682
-1
5286
-1
3602
4000
-1
4199
4317
-1
1947
-1
4341
4666
4368
-1
4320
4720
-1
2773
-1
5076
-1
-1
4482
-1
-1
-1
3913
4243
-1
2211
-1
3975
5449
4194
3588
-1
8195
3748
5947
-1
-1
3550
-1
4222
2087
5140
3526
2196
3004
4387
-1
3208
-1
2545
4462
5251
5214
5177
4428
-1
-1
3523
-1
3294
5193
-1
3831
3617
3076
-1
-1
4105
5445
2719
-1
2881
3236
4142
-1
-1
1081
3621
-1
3969
4324
-1
-1
5364
-1
-1
3182
4660
-1
-1
2520
-1
1960
5005
4364
4676
7986
4386
3748
-1
-1
4063
2218
-1
3319
3464
4156
2274
4969
5374
-1
2781
-1
3320
-1
-1
-1
3385
1231
-1
2156
-1
3199
-1
3639
-1
4369
-1
3076
4926
-1
-1
2923
3410
-1
-1
-1
3236
-1
4770
-1
5389
-1
3750
2825
-1
4794
-1
1931
2608
6279
3789
4211
2633
-1
-1
2866
-1
-1
5184
2910
3726
-1
3318
-1
4156
-1
4450
-1
-1
3720
2933
-1
5531
5296
3607
4658
-1
4397
-1
3962
-1
-1
-1
4693
4308
-1
5157
4117
4688
2771
3874
3828
-1
-1
4532
2142
4864
-1
5269
4576
-1
2388
3914
-1
2180
3491
2005
3965
4871
6214
2202
3462
3361
2727
1061
-1
5537
3485
-1
4569
3508
2489
3766
3240
3252
-1
8238
5272
3170
-1
4505
-1
4894
4706
2948
-1
-1
3715
5519
2610
-1
3700
4801
4809
4702
1933
2759
-1
4054
-1
-1
3564
-1
5027
-1
3266
4815
-1
5057
5025
4228
3851
-1
-1
4073
2865
-1
3723
4170
-1
-1
-1
-1
4752
-1
-1
-1
-1
5214
2201
-1
-1
3346
2402
3680
-1
-1
3734
5503
-1
-1
2688
4571
-1
-1
2646
2908
3504
3950
2515
2228
-1
2959
4154
2889
5671
-1
1986
4965
-1
3041
4598
4722
5912
2415
3964
3283
2160
4178
4585
5086
4247
3615
4876
-1
-1
-1
4841
3991
-1
-1
5453
2881
5439
-1
-1
2002
3633
-1
4432
3750
4216
-1
-1
3208
3961
-1
2102
3895
-1
3628
4636
4460
5227
4667
4798
-1
4266
-1
1999
3695
3890
4845
-1
4511
3833
5346
-1
5129
2072
4510
3014
3631
4318
-1
2937
-1
-1
4988
3905
-1
2639
-1
5014
5206
-1
6328
-1
4347
5307
5956
-1
3035
6950
1962
-1
-1
-1
-1
-1
-1
4265
3147
2818
-1
-1
-1
3506
3026
3497
2947
-1
3413
-1
5672
-1
4169
-1
3805
-1
4206
-1
5397
4038
4794
-1
-1
-1
4281
-1
4684
-1
4193
3263
3497
5341
3820
4466
4106
1963
2170
-1
4901
5168
-1
5552
4751
1901
-1
3754
2896
3989
-1
4042
-1
4490
3360
2122
2793
3469
-1
1787
-1
4359
9007
2803
3895
3642
3553
4275
4984
2819
-1
4663
-1
3102
1832
3599
-1
-1
-1
3451
-1
5149
3264
2448
-1
3661
-1
2213
4345
4775
-1
-1
4373
-1
-1
2090
4263
-1
4148
3320
-1
3067
2283
-1
4298
-1
3089
-1
2337
-1
2572
4864
4084
2780
-1
2346
-1
-1
2277
2628
-1
-1
-1
5028
2677
4046
3799
2664
4178
3724
-1
-1
3956
2579
1816
-1
-1
-1
2301
3521
3360
4141
4904
3357
-1
3686
-1
3790
3553
3567
4506
-1
4511
3432
1578
-1
4426
3942
4666
-1
-1
5635
2513
-1
4473
-1
-1
3249
-1
-1
4107
3864
2817
2553
-1
-1
5592
2057
4587
4166
4079
-1
2586
-1
4632
3526
4054
3384
-1
2796
8842
5211
-1
5583
4709
5149
5293
2306
-1
-1
2221
5278
3815
5340
1589
3895
-1
4880
7388
4065
-1
-1
4156
3788
3615
3925
5269
-1
2984
-1
5805
-1
2684
4681
3548
3706
3275
3230
-1
3143
4417
5872
-1
3715
4102
-1
-1
-1
4515
4573
2855
-1
-1
3150
3284
4540
4364
-1
7932
-1
-1
-1
-1
2357
1891
5503
4234
3626
-1
3142
5878
-1
-1
4872
-1
3328
4562
-1
3652
1736
2259
13735
3771
-1
2942
-1
3624
4303
4429
3588
1064
-1
-1
3482
-1
3816
2461
3837
4887
3796
3946
3016
5254
6062
-1
4428
-1
2632
3721
1987
2748
3015
-1
4807
2962
3984
2288
-1
3473
-1
3550
5899
4675
-1
2681
3524
-1
5385
5663
4004
3048
-1
2918
2968
16928
4234
-1
1053
-1
2340
3296
3761
-1
-1
-1
3677
3607
4922
-1
3996
3327
4932
2515
1112
1895
-1
-1
3498
-1
1676
4292
-1
2905
2072
4040
2376
4327
4139
5818
3175
-1
4321
4416
1613
-1
-1
6071
4162
-1
3413
-1
-1
5479
-1
2348
3272
-1
5174
2390
-1
3369
-1
-1
10215
4852
2704
-1
-1
2472
-1
-1
-1
5070
-1
-1
2871
2211
4080
3927
5840
3844
-1
3498
2803
-1
3087
-1
-1
2638
5532
-1
3121
3501
3594
3585
2684
-1
5260
4661
3809
4726
-1
1790
3496
3676
-1
3990
2978
1625
3787
2489
-1
3887
-1
4788
3376
2085
-1
4425
2051
-1
4973
3898
5709
-1
-1
3004
-1
4081
6056
3463
-1
2626
-1
-1
3374
3561
3217
4767
3067
2981
-1
3344
4063
3552
-1
2337
3255
-1
-1
-1
5863
4131
1986
2626
-1
3750
4370
4602
4775
3963
3821
3612
-1
2840
-1
-1
2979
-1
-1
-1
5351
2031
-1
4872
6818
-1
2151
-1
4459
5615
4726
2418
3039
4855
2710
4500
2483
3153
2336
4585
5371
-1
-1
3326
3940
3900
-1
3454
2674
-1
3866
2643
-1
3011
3786
2261
2180
5408
-1
2722
-1
5078
2979
-1
5794
-1
-1
2166
5928
4421
4516
2883
2669
4744
2292
-1
3108
4381
-1
6494
-1
-1
2459
4951
5155
-1
-1
-1
3935
3996
2274
1942
3727
3602
1969
3245
3268
3669
4871
-1
2770
-1
3760
2538
3697
-1
4167
4014
2790
1865
-1
4604
4052
4076
5010
4150
954
4113
4872
-1
6581
-1
5365
-1
2808
3795
3309
3170
3412
4415
-1
-1
-1
4664
-1
3127
2743
3410
4971
4072
5550
2135
-1
4990
9851
-1
-1
3513
-1
-1
-1
4063
2533
2241
-1
2852
4625
-1
2392
-1
3891
4842
-1
5034
-1
5535
-1
5449
4177
4545
3340
4900
3287
4219
-1
-1
2648
-1
-1
4845
4131
4766
4777
2238
3426
3910
-1
4730
4370
1885
-1
5111
-1
-1
4476
-1
3811
-1
-1
-1
-1
-1
2878
2722
-1
5073
4622
-1
3021
-1
-1
-1
-1
2274
1540
3661
-1
2450
2392
1741
-1
3145
-1
-1
-1
4640
2002
2669
2444
4517
3734
-1
3155
2436
3990
4686
-1
2368
2152
4341
2934
3812
5611
-1
3098
4411
-1
1346
2745
5534
-1
5010
4582
4144
2280
4330
4034
3989
5130
4454
2766
4873
5045
2084
2966
-1
4047
3695
4240
4531
3906
4251
2694
-1
3106
4701
2050
-1
-1
4171
2505
-1
-1
-1
4736
-1
6039
5498
2744
5805
3475
3593
-1
5161
4020
2220
1641
4445
-1
3198
-1
3535
2486
3008
-1
-1
1919
3787
3098
8655
4757
-1
3819
3266
3372
2418
-1
4805
-1
3950
3972
2996
-1
5037
4790
4661
4634
2759
-1
4105
-1
3809
3729
4868
4070
3689
3203
3823
2270
4669
-1
-1
-1
3516
-1
-1
2401
3971
3474
4429
4913
-1
3503
-1
2391
4944
-1
4478
1078
3473
3306
5402
2360
5042
4865
2657
2479
-1
2792
3024
2537
4522
3555
-1
-1
5102
-1
3565
4325
-1
3904
-1
5119
-1
3668
2552
-1
4178
2423
-1
4330
6016
3700
2528
4374
3204
4055
-1
2103
2803
-1
-1
3307
5546
-1
-1
-1
2176
2558
2812
3160
5345
2650
6009
16006
-1
2980
-1
-1
-1
-1
3254
2499
2397
1831
3706
5269
2377
3774
-1
3209
-1
3976
4887
4658
3811
2710
3410
-1
4472
-1
-1
3328
3063
3133
2864
-1
4062
-1
4209
3667
2949
-1
2196
3874
4763
5573
4312
4030
4532
4763
4807
-1
-1
3679
4058
-1
4384
2906
-1
-1
-1
-1
-1
-1
2211
-1
-1
-1
1647
-1
-1
5124
4841
-1
2130
3818
2997
4226
2947
4821
-1
5724
-1
2110
-1
-1
-1
3120
3549
-1
4683
2511
5197
2180
4479
4648
-1
4620
-1
-1
3108
3005
2240
3730
8441
-1
2799
4761
-1
2961
-1
3790
1986
-1
3541
1139
4546
-1
3272
2452
3251
4191
4747
4314
-1
3948
3931
5378
4479
3677
-1
-1
3168
3122
4750
3852
3667
4766
3548
5060
-1
2176
-1
1946
2540
-1
2700
1361
-1
-1
1070
4794
3806
2055
3944
3844
6067
-1
5498
3415
4296
2711
1358
5207
4024
-1
-1
3736
-1
-1
2482
3013
1952
4766
4058
-1
3619
-1
3081
2261
2261
3086
-1
-1
3803
3786
2712
-1
5089
2682
4622
3413
2688
-1
-1
3765
3563
-1
4201
5245
-1
-1
-1
3758
3158
-1
4926
4550
2232
-1
4515
4828
3953
4120
-1
1977
3349
2383
1283
-1
-1
4025
-1
3576
3668
5614
-1
2234
3588
3777
2505
3238
2652
-1
2959
5070
-1
-1
-1
3748
-1
4948
-1
3843
-1
1771
4320
2451
-1
4554
4899
-1
2952
-1
2396
5164
-1
-1
-1
2425
3661
2284
4054
4329
4178
3224
4015
-1
-1
4602
5301
5546
4082
-1
4055
3266
-1
-1
5308
2369
4796
-1
-1
1853
5355
5771
-1
3440
-1
3352
2851
-1
-1
2440
4234
5603
4407
-1
5806
3581
-1
1738
2951
-1
-1
4626
5949
1980
-1
-1
2970
-1
3484
4508
5268
3341
-1
3387
2319
2077
2385
8697
4377
4353
1973
984
2194
-1
4554
-1
2593
4645
-1
5427
-1
-1
2393
3933
-1
3458
3504
2943
2881
4047
3767
2276
-1
3288
2945
2776
4417
2784
3024
3590
-1
3711
2785
-1
1756
3449
4030
4906
-1
3879
4172
-1
2305
4381
4620
4226
1961
5872
4333
1650
4514
-1
2808
4906
3976
2328
-1
2865
-1
2024
1745
3956
4003
-1
4864
4659
-1
2825
-1
2520
4160
2846
2365
3059
3890
2710
-1
2514
-1
-1
4953
-1
5354
3245
3844
2342
-1
4292
1699
5033
4342
2795
2291
-1
5649
3087
3245
-1
-1
4212
4373
1965
5259
3830
3430
-1
2440
3385
3820
-1
-1
3494
3272
16558
-1
2112
3667
5207
-1
3055
5373
2576
1852
2500
3276
9120
2312
3999
3406
-1
2163
4338
3529
-1
-1
-1
3163
-1
1852
4126
-1
3681
-1
-1
-1
2250
-1
-1
1894
-1
-1
-1
4418
2372
4179
4173
2717
4865
4349
4745
3830
-1
3851
4056
3810
-1
3844
2137
5202
3042
3220
2652
2773
-1
-1
2246
4819
2706
3697
-1
4551
2364
2626
4656
4473
2319
2341
1860
-1
3615
1956
4605
4388
3967
5121
-1
4718
-1
3412
4547
3366
3848
-1
-1
-1
3012
2127
-1
4099
3004
3582
2689
3647
5258
3469
3772
3274
3631
1987
3149
-1
4201
1944
4056
3050
-1
4217
2752
2038
-1
3536
-1
4082
4376
3348
3715
-1
2733
2749
-1
2587
-1
3494
2972
-1
4949
3029
5963
3939
4901
4430
-1
6208
4276
3919
5806
3862
1809
2558
4086
3287
-1
2377
-1
2319
-1
3915
3576
-1
2005
4485
3726
-1
4061
2305
4790
4131
4321
2961
2028
4872
1775
-1
3642
3211
2796
2240
1981
-1
3787
4212
-1
3787
3204
3300
4862
4082
-1
1583
-1
-1
1484
-1
4273
-1
2744
2709
3475
-1
2565
1992
5066
1839
-1
-1
2771
2828
2240
3183
2854
-1
-1
5653
5288
-1
-1
-1
2738
2174
4900
-1
1562
-1
4141
4472
2719
2357
-1
2744
-1
2713
-1
4758
4109
3025
-1
3518
3873
4824
2914
4290
-1
-1
-1
2593
3559
3414
-1
-1
2861
4319
3435
2144
3342
4674
6028
5636
3607
3526
-1
2580
3186
2473
2190
2722
-1
2617
3291
4257
3155
4494
-1
-1
4876
4441
3131
-1
2908
2900
-1
-1
3520
3141
1749
4132
1967
-1
5011
-1
3224
3302
618
-1
-1
3635
-1
-1
4076
4134
3772
2303
3294
-1
3738
4585
4007
2174
3950
-1
2750
3038
-1
3770
-1
3032
2031
4169
-1
1250
-1
-1
2714
4075
-1
3364
-1
-1
4518
-1
3463
2342
1688
3797
-1
4336
2384
-1
3654
9517
3373
3529
4001
4979
-1
3632
3738
3746
2409
8028
2639
3763
-1
2251
3458
-1
3213
3508
2923
-1
3216
1822
3881
3261
2747
-1
2145
3224
2822
3666
-1
4264
4424
-1
4419
2650
1422
3199
4407
-1
2301
2791
-1
3306
3169
4097
4112
1856
2971
3152
-1
1845
-1
2945
3418
-1
-1
4860
-1
2015
3089
3506
-1
-1
-1
1760
-1
1917
5625
4425
2248
-1
-1
-1
-1
2203
4656
3298
2887
2887
3900
2840
2704
-1
4063
2716
5619
3676
-1
2437
3477
3160
3625
2903
1650
1985
3266
-1
4238
-1
4089
-1
4561
-1
4685
3300
2704
2506
1842
-1
3107
4776
3781
1366
3192
3440
3385
1958
2324
2344
2101
3780
5245
-1
2729
4610
3875
2853
-1
3427
9846
2955
4055
4196
5230
3383
1415
3220
3116
3441
3050
2576
2215
3482
2101
-1
1871
1965
-1
-1
-1
2550
2751
-1
2807
3909
2884
-1
4837
4364
-1
3784
-1
3141
1797
1453
-1
2524
1952
2303
5063
-1
3334
5287
3359
-1
2173
4775
2968
4212
2160
3930
-1
2553
4454
-1
-1
3715
3222
-1
4049
2957
3427
3817
2959
3419
3515
3833
1451
1750
4086
4714
3955
2324
3272
-1
-1
2468
-1
3593
3444
1657
-1
-1
-1
3906
3245
2622
5934
3544
3546
-1
1863
-1
-1
-1
2440
4501
-1
-1
2994
-1
-1
5148
3979
-1
5050
3886
2633
3424
4669
-1
5664
-1
2358
3056
3860
-1
4391
1582
3626
1720
-1
5534
3853
2534
-1
3765
3770
3118
4328
2305
-1
-1
-1
2458
-1
3457
3144
-1
1094
3097
4666
3640
4316
3612
5121
1763
3498
2067
-1
3474
-1
2288
-1
-1
3415
3753
2445
-1
2954
2231
3746
3840
13692
-1
4037
-1
4428
4643
3336
-1
3630
3368
-1
-1
2719
2615
4661
5887
3894
2220
5756
3317
1975
3468
5638
3427
-1
-1
3636
-1
-1
2538
5627
3546
2689
2054
3100
3471
5537
1814
3217
2845
3106
2919
3344
1709
4457
-1
3191
3184
2304
4559
1956
4051
3684
4413
-1
-1
2865
2211
2155
-1
3344
4595
-1
3779
-1
4530
3311
3175
2905
3377
-1
-1
4369
-1
4415
3396
6289
4413
1344
-1
4898
-1
8308
2720
3218
3230
3815
-1
5379
2960
1609
-1
1700
3923
3304
-1
3670
1698
-1
2429
-1
2889
3116
4211
3661
-1
-1
3444
1421
5526
-1
3078
2089
2757
3080
-1
1185
1582
3311
2826
2799
-1
2465
7388
2217
2656
3381
4107
-1
1818
3302
3794
3362
2355
-1
2510
2189
-1
2017
-1
3224
-1
2978
2620
14068
3639
-1
2378
4014
-1
5400
3424
3940
10055
3133
3175
-1
3397
-1
4117
2860
2191
4436
3641
2939
2853
4278
2230
3138
2346
2028
1510
-1
-1
2787
-1
2615
5321
-1
3379
-1
2310
3357
2754
3320
3932
3997
2367
1178
4201
-1
3848
3160
3296
2730
-1
2932
2289
3371
-1
-1
2514
3009
2583
1464
3225
2613
-1
3967
3291
1480
1672
3440
3605
5593
2197
3438
4073
3014
3368
2682
3158
4553
3678
2689
1684
-1
-1
1954
-1
3870
2622
2733
2431
4065
3055
-1
2954
3726
2809
1961
-1
-1
3483
4564
2761
-1
3399
2658
3641
2980
5008
4710
2447
2558
-1
3003
3213
-1
2987
2428
-1
4244
3563
4095
3947
4541
2984
2587
3280
-1
2613
2482
3588
3832
1703
3610
-1
1724
3815
-1
2654
1837
1900
1180
2855
2064
3136
2452
1554
-1
-1
2960
2708
2135
2763
4159
4602
4216
2221
-1
4018
-1
-1
4181
2200
4356
3172
2392
2172
1618
-1
3483
-1
-1
3090
5904
2410
2310
2887
2845
-1
-1
3117
-1
1823
2038
1805
-1
1593
3729
3368
4001
-1
2738
2048
2300
2285
3288
2651
4373
4295
1368
4506
3421
-1
3548
2656
3196
4340
4076
-1
3554
2352
-1
-1
1649
-1
2725
3702
5028
3510
2725
2174
1981
2467
3243
-1
4775
-1
5572
3408
-1
2779
-1
3940
2390
4569
2757
2579
4440
-1
6527
4780
2627
2404
1594
2298
2495
-1
4432
3537
3883
2854
3345
-1
3799
2972
2682
3144
2550
-1
4304
3563
3627
4325
3768
-1
-1
4514
2891
4756
2977
3763
2634
-1
-1
-1
2650
3142
2720
4208
2560
2656
3794
2887
1053
3243
3222
3692
1558
-1
4045
3815
1539
1640
-1
-1
3469
8972
6647
-1
1707
3845
-1
-1
2683
3027
-1
1964
2101
-1
2214
3787
-1
3566
-1
9846
4775
1055
2330
3751
-1
-1
4388
4629
-1
3070
-1
-1
3548
-1
-1
2870
2843
-1
3689
3999
4106
2710
3457
-1
-1
2677
-1
3936
2892
-1
3698
-1
3150
3503
3792
1941
4095
-1
2487
-1
1467
-1
-1
-1
-1
1481
3313
3153
2683
4405
1486
-1
3717
-1
5473
1501
2488
4161
2346
2968
2053
-1
4463
2715
2355
3224
-1
3561
2112
4493
2957
-1
-1
3770
-1
3227
-1
-1
2832
2335
-1
2974
-1
3205
-1
2856
3080
866
-1
-1
1446
8814
-1
4308
1456
3487
2193
2187
2778
-1
-1
-1
2550
2865
1280
4088
3411
3306
2842
2761
4261
-1
2697
4479
543
1761
3311
5489
3834
-1
-1
-1
3035
-1
1852
-1
-1
9299
-1
3106
-1
1972
2871
3034
2122
3738
5329
1845
1484
-1
4133
2026
4115
3914
4608
3510
3098
1987
2142
3630
-1
2772
948
2525
2830
-1
3819
-1
-1
2978
-1
2882
3214
730
4233
-1
4037
4155
1513
2778
2941
-1
-1
-1
-1
2894
2811
2637
2175
2586
2565
-1
2646
-1
3208
4110
2626
1066
1909
4320
2771
3934
2148
2114
2431
3863
2353
4299
-1
3081
3610
3112
2277
3916
-1
3312
2358
6704
4263
2446
10765
-1
4843
5627
4849
5887
4496
4135
-1
4723
3790
1207
-1
2550
3438
1726
3054
5817
-1
3758
1962
3280
3205
3061
4410
1633
3515
-1
2029
4287
4541
3539
3175
2606
-1
4180
2115
3689
3382
-1
4216
2920
-1
4001
3612
3605
-1
1010
2897
2529
4030
7672
1412
-1
3111
1860
5523
3348
3385
4403
-1
-1
2544
2424
-1
4184
-1
3098
2902
-1
-1
3309
3732
-1
5044
2962
-1
-1
3262
3873
-1
7167
3908
2471
-1
3172
5466
-1
-1
3086
4078
-1
2154
2584
3453
2642
-1
2895
-1
-1
2132
4658
4153
-1
2946
-1
4270
1656
-1
1548
3979
3377
3249
3868
-1
1512
3316
-1
-1
4099
3142
3149
4637
3057
3287
4575
3207
4695
2206
-1
3099
2577
2897
-1
3003
2490
3130
4579
2673
2612
3285
2944
2586
-1
4279
3675
2050
3008
2115
1999
1219
2968
3458
-1
-1
3000
-1
4212
3639
4424
-1
2306
-1
-1
4206
2520
5039
2201
2017
3269
2371
1369
2677
-1
-1
2883
4330
1161
2817
2086
-1
4051
3998
-1
-1
2694
1814
-1
-1
3928
2051
2894
1275
-1
-1
-1
4440
2373
3720
3445
4463
4469
3682
4329
-1
-1
2212
2077
-1
1638
3495
3030
4620
3101
1232
3790
1997
-1
2594
2414
3908
2488
2251
4324
2926
3334
2622
2197
-1
3194
-1
2298
2683
-1
2679
-1
-1
3902
3939
2705
2684
1716
2349
-1
2229
4054
4239
3663
2790
1852
2145
3025
3331
3833
-1
1908
4661
1335
2433
2587
-1
2072
2116
3946
3565
1499
-1
-1
-1
-1
-1
4360
3874
3613
2383
3440
2400
1279
4305
-1
-1
4564
2823
2681
4201
2303
-1
4651
-1
-1
-1
-1
3593
4065
-1
-1
2932
2575
3888
5034
-1
-1
2733
-1
-1
-1
-1
-1
3585
4083
3624
2276
4565
3835
2564
4366
-1
-1
-1
4998
2245
3232
2127
4350
3351
-1
4257
2165
-1
1296
2496
-1
-1
2770
-1
-1
2452
-1
2274
-1
2652
4399
4431
2724
2780
4483
-1
1835
2990
2685
2650
2046
3801
3170
3368
-1
-1
-1
-1
2235
-1
1828
3341
3057
-1
2513
1999
4921
3134
4001
2184
4385
4718
4498
1786
-1
-1
2881
3480
-1
3144
4485
-1
-1
2112
4087
2172
4127
-1
2495
2915
-1
-1
3378
2180
2656
1265
2065
1613
4013
-1
-1
4921
4760
2372
2701
2106
2077
3101
2917
2696
4033
4083
2489
4788
3938
3471
4829
3403
2884
3311
5255
4001
3706
3942
3904
1936
2529
-1
3266
1391
2779
2662
-1
1737
2378
-1
2649
1749
3676
-1
-1
3107
-1
3387
2353
3121
3256
-1
3471
10774
3096
2376
2333
-1
3492
1407
2836
-1
4321
3415
3931
3383
1377
-1
-1
-1
-1
2456
3423
3475
2435
1239
3277
4296
2889
1837
-1
877
2916
2704
1980
2181
1561
3326
1869
3362
-1
3752
3457
2612
3310
-1
-1
3993
2385
-1
3454
-1
1839
2789
2479
2044
-1
-1
2213
3247
-1
5497
2829
2290
3610
-1
2146
1105
3630
-1
-1
-1
2415
2640
2231
-1
3134
-1
3463
2892
1745
-1
-1
2449
3233
2931
-1
2656
-1
-1
2740
-1
-1
2860
3757
2086
-1
2684
-1
2588
2651
2315
2402
2593
1475
1946
2237
3348
2889
2693
4485
2846
3443
-1
1111
-1
5365
3315
4199
2571
-1
-1
3835
3877
-1
2319
-1
3379
-1
3275
2796
-1
2559
2016
2791
3498
-1
4543
3070
-1
1259
4159
-1
2965
2853
3150
4400
4167
2012
2735
4396
2557
1701
3530
1480
4489
1853
3295
-1
2331
-1
1373
-1
3926
3519
2793
1676
1582
3708
3021
3802
-1
2691
2104
1254
-1
4373
1019
-1
-1
4094
-1
3503
3538
3988
3799
-1
2399
3147
-1
2059
-1
2498
1457
2611
-1
2513
4396
-1
-1
4014
4210
4528
3908
2901
3212
-1
3945
4319
3400
5597
2353
2599
3479
3487
1930
4783
3873
4214
3900
4200
1443
1596
3007
1726
-1
-1
3335
2742
4472
2864
4602
-1
-1
-1
2890
4270
2983
-1
1493
3871
-1
-1
2297
2198
3177
5677
2492
2995
1798
-1
-1
-1
2875
4543
2130
9353
-1
-1
-1
1437
4077
-1
3801
2183
2616
-1
3899
2925
3424
2248
2455
3407
-1
2925
2163
2951
-1
4255
2005
2985
1619
2934
1507
3690
3418
3301
-1
8752
4589
2603
1422
3534
-1
3172
2453
3466
-1
-1
5103
2228
2794
-1
3028
2489
3230
1346
4500
3795
3751
3733
-1
3214
4185
2598
-1
3290
10463
3107
2787
-1
4444
-1
4101
3040
3834
2086
2019
3208
1359
3709
3349
1242
2694
-1
2058
-1
3019
2611
4379
1296
1637
1627
3693
2902
2940
2497
-1
-1
-1
4407
2611
2515
-1
2357
2967
3954
-1
10998
2021
-1
-1
2749
3044
-1
1863
2581
1270
3776
2220
-1
3218
-1
3373
2914
2744
2695
2396
-1
4319
3385
2424
2943
-1
2849
536
2847
2721
1957
2690
3591
-1
2828
-1
2792
-1
-1
-1
2964
1444
-1
-1
2195
2528
1882
2840
3240
-1
3287
-1
-1
2635
3712
-1
4390
2396
3210
3760
2323
-1
1971
1599
3864
-1
4302
2335
5039
1266
-1
1843
3682
3033
2093
-1
-1
-1
3472
3371
3831
4401
3217
1765
-1
3025
3027
2003
2680
1830
-1
-1
1482
1774
2463
3348
2309
2606
3958
-1
4182
2115
2527
2747
3213
2897
2605
3338
2647
1375
4999
2006
2587
2772
-1
4170
1795
-1
3508
2687
1127
2999
1050
3782
5084
3564
-1
3328
4914
2675
2596
-1
-1
1827
2199
-1
2480
1236
-1
-1
3346
-1
-1
3403
2711
-1
4764
3157
4246
2708
4625
3121
3096
2679
1360
3936
4178
2722
3302
3087
-1
757
3092
3003
4487
-1
2020
2715
2506
5177
-1
3301
3837
3326
-1
2512
-1
3086
-1
3484
2632
2853
3488
1239
4807
4140
2251
2408
2610
2201
2093
10293
-1
7181
3000
3289
4831
3097
-1
-1
-1
1746
2603
2690
3042
2795
4886
4626
-1
-1
-1
1775
4669
1017
2807
2468
4007
2941
2437
3804
3323
3648
3308
2815
3534
2738
3676
3532
3976
1791
2127
2551
3386
1471
2881
2490
-1
3397
4341
-1
2803
3456
4402
-1
4612
-1
2716
4460
1186
-1
3165
-1
-1
2874
-1
1856
4134
2674
2744
-1
3511
1432
2872
2009
3275
7284
5127
1612
1125
-1
2268
2891
-1
2117
-1
3630
1474
1580
3021
-1
2607
4482
2206
2152
-1
2713
1694
2763
2779
-1
2674
-1
-1
3732
-1
1441
-1
4324
2793
2596
3879
-1
3296
3820
2426
3288
1704
2002
4197
2408
1820
1769
2769
1430
1910
4907
-1
2143
3407
1297
1277
2153
3615
4203
-1
5157
3421
2157
2704
2528
-1
2420
2688
2340
-1
2686
1573
2260
2452
-1
3876
4302
2391
3485
2068
-1
3855
-1
-1
-1
3565
2077
-1
1898
3747
3330
3193
2992
3851
3812
1559
2039
4405
-1
3097
2923
3014
1714
2716
-1
2133
4593
1197
3266
3415
1787
2913
-1
2196
2531
2756
4640
2359
2321
-1
1315
2831
2224
2601
4296
3014
1596
4052
4182
4373
3366
-1
3874
2699
4466
-1
4461
1774
1512
2741
2241
3808
4574
2465
2014
2738
2920
-1
2942
2845
2105
-1
3696
-1
1862
3690
2091
870
3368
4054
3324
3609
-1
3213
2185
1384
3151
2353
3783
2559
2601
-1
2274
3576
3886
4373
3081
4919
3487
4232
3980
3434
3774
3017
3613
3350
-1
-1
3348
3240
-1
1827
4830
4012
4257
-1
4995
-1
5290
3137
3660
10823
3425
4322
3437
2882
3156
1095
2605
3446
1629
2875
1443
3880
2231
3467
3803
-1
2666
-1
3810
2789
2163
2421
-1
2108
1501
4316
2629
-1
3191
2874
2563
4152
2543
5615
-1
2593
2371
-1
3438
3298
3145
-1
2117
3182
2037
3212
3206
1654
1350
-1
2833
2989
2546
2076
3172
3740
2431
1749
2818
3474
3313
-1
6988
2871
1667
-1
-1
2899
3131
-1
4449
3726
2546
-1
2986
-1
1040
3297
1784
3473
2037
2854
3383
1514
-1
4198
3801
2007
3080
3609
-1
1957
-1
3427
1734
4030
3267
3046
3468
1512
-1
2463
-1
3386
-1
2358
-1
3174
1232
5397
2384
1057
1659
5158
2209
4266
-1
2125
4241
895
-1
2354
2361
3720
-1
2865
2499
2237
3062
-1
2174
-1
2271
859
2791
-1
2700
3776
3695
4441
2871
-1
-1
-1
2157
3178
2192
1992
2186
3030
2424
3392
-1
4357
3546
4045
1732
2790
-1
4231
2978
2902
3064
1530
3770
1745
-1
-1
2495
-1
-1
2881
1514
1995
2681
2178
3617
3476
-1
3252
1185
3681
3853
2905
1499
3188
2295
3148
2979
1217
-1
3037
-1
2276
2554
2570
1224
2599
2133
1747
2541
-1
-1
1889
-1
3220
1270
3368
-1
2089
2127
2968
2661
3777
1729
-1
2600
2835
3052
1941
2851
2250
2965
1606
2826
3057
-1
2735
2782
2430
2946
-1
3493
2709
2517
1908
3144
-1
2117
2315
2811
2604
-1
3338
-1
5703
5132
2789
2677
1468
5270
3902
2203
2289
2632
1586
3283
-1
-1
1891
4888
2260
2626
2152
3511
4040
-1
4421
3782
2268
2101
1745
2802
2646
2437
3255
3545
-1
-1
2359
3965
3912
2475
2576
1623
3288
2679
1243
2202
5130
-1
1409
2187
4324
1588
2211
-1
1806
4449
1853
2582
3782
4636
2185
2103
2207
5357
2322
2222
2626
2835
-1
3279
2104
-1
1123
2218
2567
2448
-1
-1
3992
3742
1870
-1
2874
2946
4787
-1
1793
1508
3502
1810
3693
3936
3542
2801
5079
3571
-1
-1
-1
4340
-1
3798
3507
2184
1929
1355
3629
3739
1927
-1
2156
2777
-1
2117
2594
-1
2144
2189
-1
2579
2362
3393
3080
-1
2036
2746
-1
2650
2685
2545
1723
4904
-1
-1
2830
4914
2407
3072
2608
2253
1901
1527
-1
2261
3199
-1
1290
2557
2856
3930
2030
3235
-1
2433
4330
3546
3222
4891
3277
-1
4237
5070
2708
4597
-1
-1
1233
-1
3080
2307
3477
3292
3175
3429
-1
2564
3287
3159
3185
3555
-1
4438
2234
3544
3888
-1
3911
2183
3233
3220
3488
2122
2637
2101
3140
1999
3025
2250
2597
2064
-1
2411
2825
2935
1657
-1
2158
3341
-1
1161
5037
1432
5397
3820
-1
2936
1546
2699
1675
-1
-1
2725
3124
3175
2173
3236
2608
2703
4255
-1
2802
2901
898
3365
2478
-1
2534
2051
2482
2064
2596
2687
1493
2428
-1
3000
2768
2335
1986
-1
1258
2046
3417
2738
-1
1954
2108
2235
2816
2180
4328
3669
-1
2484
3328
2235
2949
2554
2973
2532
3501
2178
-1
3808
3859
-1
2189
2605
1878
3127
2465
2256
-1
5455
3645
3505
2119
3563
1772
2286
2584
3427
670
2468
2911
-1
-1
9917
1641
2858
-1
2088
3548
3721
2952
2186
4055
1667
2569
-1
3026
2250
3980
3505
3011
-1
3249
-1
3889
1282
-1
4235
2927
1432
1921
3202
2313
2343
3643
2396
1022
2535
3484
3676
3678
2030
2925
-1
2243
1224
4463
3108
1610
1799
3145
3795
2086
3386
1771
2762
-1
2553
1611
1004
2117
-1
1914
-1
1999
2750
4485
2986
4094
2818
2354
1431
1164
2357
2404
2658
2856
5280
1967
1959
-1
2716
1270
-1
3708
-1
3601
1656
2918
3717
3540
3663
1929
-1
2946
2889
-1
2747
4376
2766
-1
2677
1063
2862
2173
-1
1736
2819
1347
3753
1901
1806
3409
1044
-1
2480
-1
-1
3836
3154
4108
2445
4133
-1
2958
2117
798
1044
-1
-1
3546
-1
-1
1409
3071
5232
2165
2171
4425
2213
4020
-1
-1
1136
2981
4235
-1
4413
3117
3027
2455
4110
2030
2549
2843
2799
3460
-1
2187
-1
3602
969
3188
1729
1871
2122
2055
1604
4623
2716
1639
4776
3831
-1
-1
-1
3845
2366
935
1671
3502
2421
1161
1249
2492
1921
2679
3439
1727
2401
2192
2478
3327
1999
2731
2415
1414
1792
1822
2564
-1
1061
1648
-1
-1
-1
1569
3016
3187
2067
3885
2679
2896
2522
2641
2045
2871
2052
-1
2617
3056
2979
2024
2475
3609
2598
2472
3127
2302
2686
2186
2207
2914
1416
3400
3027
1508
1859
2942
2429
1707
-1
1958
1363
-1
-1
3021
1059
1730
1209
1502
4438
3392
1742
2259
2368
-1
2716
-1
2827
2080
2236
675
4799
3895
1813
-1
4078
3609
3184
5756
1462
3722
4692
3620
3796
3613
898
2548
4033
2870
5305
2009
5027
11589
3376
1296
2283
3528
1255
4954
-1
1957
3293
1881
1552
3127
-1
2116
1909
-1
-1
2933
3237
-1
1363
1513
2811
2104
1581
-1
1908
-1
3223
2378
1922
1314
-1
3017
2072
-1
2448
5016
1598
-1
2031
3681
3673
2187
5143
-1
2793
-1
2468
2304
2461
3417
2270
-1
2874
2157
2626
-1
1070
2271
2703
3876
-1
2796
2271
3276
-1
2298
1091
3774
3280
4385
1751
3420
4024
2358
3186
1361
2858
1378
3145
3321
2556
-1
-1
2523
2017
2199
4632
3975
2906
1878
1671
2008
2906
2941
2435
3500
1498
-1
1984
3238
-1
-1
2431
2722
2579
417
3062
2120
3598
2594
-1
2951
-1
3280
3095
3041
1266
2098
3860
2760
-1
1648
3817
-1
5185
-1
1859
-1
-1
6809
2801
953
4251
2843
3815
2057
2332
3328
3902
1927
2356
3172
1810
2686
2443
3528
3080
1705
2176
2573
2633
1647
2555
2454
1236
-1
1923
7367
1788
1667
2618
1185
-1
-1
1182
2396
-1
1813
2348
2422
-1
2025
-1
3872
3927
1891
4304
797
1966
3290
1618
-1
3073
2271
2600
2082
-1
5506
2049
3180
1731
3174
3542
2271
2586
1302
2343
-1
2371
3331
1473
1138
3851
1613
1410
2489
2156
2063
-1
1874
4319
1380
2937
2378
2215
1281
2962
-1
1909
4959
1562
3313
-1
3629
2155
2423
2617
1565
1891
3023
2434
1944
2047
1485
2245
3082
1548
2589
3094
2748
4347
3052
623
3715
4524
4351
-1
1218
3511
404
1408
1662
2839
-1
-1
5553
2399
5680
3229
-1
1862
1729
3769
2817
2650
1644
3066
-1
4993
2831
3445
1897
-1
1856
4960
-1
-1
-1
3293
1583
-1
-1
1976
1654
2407
1993
-1
3025
2325
6163
1772
2511
3563
2529
4229
2114
3227
1124
4498
3497
-1
1535
2699
1926
2492
3679
1327
2188
3979
2256
2329
2649
2284
4471
-1
3520
2147
-1
2560
3723
3060
-1
-1
2775
1526
2662
-1
812
1513
2798
-1
3442
1806
3587
-1
3216
2845
3348
3448
1566
-1
710
2770
1893
3250
2039
3454
1957
1703
1472
-1
2035
2645
-1
2719
2882
1042
2216
1497
1801
3626
-1
1758
2720
1370
4103
1621
2947
3736
3471
2184
2476
-1
3137
-1
1519
2639
1620
3847
3201
3663
5497
2441
2538
5010
3960
2388
1279
5158
687
3668
5379
2192
-1
1724
-1
1509
2917
3473
4908
2392
-1
-1
2494
1986
3256
963
-1
1719
1601
2703
2560
1169
-1
1114
2571
2147
513
1999
1348
2198
3657
2639
3616
2667
1986
2496
3418
2228
3330
-1
2168
-1
1869
2629
3031
1039
5526
1239
2504
2131
1181
2217
2796
1032
-1
1989
2986
3794
-1
-1
2229
3349
2727
2716
1507
4000
2924
7312
-1
1768
1831
-1
3193
1435
2531
1690
1068
2458
3564
3778
1971
2482
3584
-1
3883
2079
3396
2253
1325
2274
3161
3382
-1
7936
3067
3084
2264
3850
3581
2782
2179
2526
4596
2197
2441
1985
1324
-1
-1
3938
2841
1845
-1
2712
2676
1930
1598
5027
-1
2395
2290
1984
-1
3358
1958
2153
4130
2371
2178
1752
3335
2640
2146
2832
3113
1583
3380
1890
1227
-1
1704
-1
2960
1988
2920
2164
3563
1812
1267
1852
3120
1869
1864
2539
2314
2104
-1
1449
-1
1579
2506
2476
2577
3375
3756
2340
1466
2851
4461
1242
972
2950
-1
-1
2706
-1
3572
3731
2384
2145
2001
4537
2057
967
1009
2220
1514
4295
2295
3471
2935
1058
698
-1
2066
3170
2929
3402
-1
2119
2541
1686
4502
2551
-1
2392
2171
2013
4148
2489
1015
1915
-1
1949
-1
2731
1736
-1
3405
-1
1878
2371
2204
3799
1150
-1
1108
4068
4780
961
1954
1393
2833
-1
2347
2108
2362
3027
1853
2622
3915
967
6987
3737
3328
3194
2856
2207
-1
4471
3810
-1
3309
3787
2591
3217
2172
2520
1035
2904
3669
-1
3515
4769
2581
3666
-1
-1
1559
10293
2185
1949
2094
-1
2204
2816
3227
3651
2288
-1
3812
2584
2792
2737
3076
2399
2129
1886
3256
3004
-1
2856
2675
2106
3195
1557
2361
2090
3273
4701
1586
3109
2584
-1
2557
2198
3630
3267
2497
2875
1382
3731
3447
2572
2868
-1
-1
1824
2541
4133
3101
3154
1426
1562
3107
3426
2025
3062
-1
1736
2937
1257
-1
3054
5148
-1
1541
2621
2290
-1
-1
3209
2092
2704
-1
4779
-1
-1
2141
3868
1688
1650
1284
2298
-1
2623
3270
1956
2150
3317
1517
2445
2632
3447
-1
3795
-1
1205
3832
2068
1261
3850
2328
2549
2941
2848
1394
2782
-1
1787
3307
5084
-1
4051
1141
2265
4212
2812
-1
2473
2414
2109
3159
3586
4830
2517
-1
5479
1025
2706
-1
4453
3683
1785
1678
3207
2285
2378
-1
2740
4447
2406
2156
4585
-1
1429
-1
-1
1927
3159
2277
3931
2749
3227
1243
-1
3134
1182
2446
2274
-1
1973
2103
2042
-1
2916
2624
-1
1065
-1
2442
3365
3040
2043
2799
2972
2529
-1
-1
1790
1315
2670
3753
2133
3221
4480
1891
4033
-1
3349
3637
1827
1811
-1
3325
3985
3160
-1
-1
4162
1389
2718
1598
-1
2885
2215
1249
3649
8802
2373
-1
2869
1206
3519
4408
2892
3353
3408
1301
2715
2310
1138
3367
1441
2223
3353
1966
2876
2244
2235
1539
-1
1680
698
2771
3980
2401
1405
1206
4581
-1
2658
1867
2256
4131
1575
-1
2248
2683
2430
-1
-1
3670
1846
2098
3124
2054
2092
2528
2824
3280
1209
2167
1523
2365
-1
3616
-1
1924
1323
2587
3825
-1
2104
3231
2031
1491
2195
1691
3483
825
-1
2974
3262
-1
-1
2685
1546
-1
1641
-1
1811
2600
3634
2521
1834
3113
-1
3273
2195
3648
1982
2854
3784
2113
918
1656
4309
-1
4959
1865
1709
3099
1250
3455
1669
3122
3830
2917
2413
1145
3368
2006
1406
-1
2432
2103
2076
1144
1904
3498
3034
1587
2528
3470
3013
2425
2617
1796
2759
3950
3480
2714
-1
4031
2035
-1
2949
1958
1706
2892
2021
2202
3282
2028
1205
3390
1956
1935
2375
1709
-1
1395
1911
2242
2357
2072
2429
3511
-1
2828
2154
4028
3714
1629
2042
3624
2690
3344
1472
1783
-1
2901
-1
2567
2571
1983
5450
2362
1918
-1
2160
-1
-1
2500
2861
3081
2001
2270
-1
4235
2106
2981
2157
3677
3069
-1
-1
497
2564
2429
1450
1670
3045
1765
-1
4139
1858
2146
1270
-1
2102
1886
1049
616
2455
1805
2225
-1
4216
3212
-1
1756
1407
1114
-1
1926
1973
3887
1722
-1
1734
1437
1887
-1
2565
1678
1243
3114
4249
-1
-1
3919
-1
-1
3742
2306
-1
-1
2914
2259
-1
3212
-1
-1
490
1559
2438
3319
1879
1749
1763
1686
-1
2273
2301
1305
2533
3112
-1
3265
1015
3419
3957
4705
1882
3579
951
2404
-1
2231
2586
2930
2363
854
3817
2422
3659
2725
1891
3444
2371
-1
4873
2163
-1
2740
1928
2841
2050
4367
3327
2855
-1
2955
2611
1119
907
3498
2007
-1
3135
3615
1307
-1
1066
1789
853
-1
2483
-1
984
1896
3029
2121
1181
1815
2786
-1
2218
9412
2393
2668
3267
2911
3383
1807
3423
-1
953
2488
3061
3911
1188
2094
2103
2350
1662
1884
1663
2121
-1
1497
3357
2639
-1
1397
1680
2024
3576
691
4652
2404
3619
1878
2967
2270
1701
-1
972
5374
3706
2340
-1
3103
2111
1827
-1
3120
1791
2549
1946
3395
2641
-1
2862
3776
3435
-1
2193
2608
1722
4533
3071
953
3456
4317
2102
-1
2491
896
4504
-1
-1
4957
2929
1706
1189
950
-1
3034
3543
1317
2443
3365
4527
3688
2353
1421
-1
3322
3233
-1
2215
3679
3073
2388
2157
5025
3268
-1
2917
3192
3328
2394
2944
2736
2229
2642
2297
2237
1063
1820
1559
2426
2353
-1
1893
3000
3459
2014
1891
-1
2152
4261
3232
1969
1768
-1
1634
2524
2316
636
2138
1925
1551
1821
1349
-1
2499
2331
3498
2129
2302
4235
1901
1753
3693
1752
-1
3023
667
1897
1881
2076
2218
1643
1773
925
2805
2175
3449
2499
1536
1809
2903
1217
3582
2681
1543
1891
1920
-1
2357
4164
2653
-1
4527
3228
3587
2132
2761
2884
2507
2950
4088
1675
-1
2215
1560
2996
-1
1707
3579
3006
3414
2769
2092
2014
1532
3030
1751
2776
1312
-1
2152
1310
2246
2689
-1
6685
4632
593
4054
1652
3239
1712
3601
2968
2111
1299
3895
1904
1778
-1
4430
1966
7032
3669
1844
2122
2329
2062
1294
2161
2937
2424
1830
2926
2550
1846
-1
3115
1930
2944
1702
2083
-1
2454
944
3588
3276
3113
-1
3410
2504
1712
2153
1260
916
2601
3926
1515
1660
2951
-1
2656
1982
2207
-1
2357
1460
3857
2292
1680
-1
1670
3045
4354
1904
2500
1077
2283
-1
2111
2683
2086
1008
1275
1670
1773
2682
1584
1858
-1
2029
1490
-1
1852
1776
1883
3137
1518
-1
3671
2255
2954
1085
3589
2681
3213
-1
2514
1657
1635
1231
2131
2603
4030
2024
3145
1361
3197
-1
2080
2369
-1
2001
2032
-1
9909
2422
3091
-1
2230
2312
1884
-1
2287
3964
1305
1542
2893
3020
2878
-1
1685
3887
-1
3337
2222
3386
907
-1
2395
2141
1837
3176
3242
1742
-1
2842
3344
1608
3649
1206
2303
2412
-1
-1
3363
2453
-1
1656
2440
-1
2334
5087
2271
-1
3569
2940
3695
2380
4024
2910
2627
3377
1427
2701
1693
1496
-1
-1
-1
1570
1697
2746
-1
-1
2151
3786
1884
1640
-1
2059
2707
2361
2369
1774
-1
-1
2654
2125
1172
3030
2412
2670
613
2146
1247
-1
2486
2496
1174
2741
3547
-1
1162
-1
3278
-1
411
2968
2629
1786
1568
2674
2067
-1
2212
908
1733
-1
2450
1374
1329
2596
2050
1756
1514
2992
3638
2491
590
2369
1826
2590
2242
1499
613
1852
3123
2403
1805
-1
1900
161
211
2957
3616
3291
622
2449
2089
1175
2460
1325
600
2599
7181
1995
1881
5561
2305
1299
2779
954
1181
2412
2176
2474
2101
1949
2332
-1
5799
936
4185
2051
1377
1254
1036
990
2133
1199
2712
-1
2490
1970
1967
1621
774
1765
4276
3976
2705
623
3554
2212
1038
1131
2100
1977
2148
3059
2902
1078
1110
2773
1321
3344
2410
2696
2229
1887
2353
786
4841
2828
1645
4291
1908
4585
2384
3206
3794
3518
2852
1124
-1
1137
1462
1266
1851
550
3983
2321
2563
2973
1946
2595
3985
-1
2951
1656
3124
493
2743
1614
-1
2760
1988
1155
742
2407
1269
4745
1529
-1
2178
1874
2455
1654
637
2039
1210
-1
3427
-1
3406
2008
4110
2083
2969
1703
1813
1681
1425
1628
-1
2250
739
2129
1826
1050
3075
8802
1793
1321
2127
2367
1331
3022
1908
2100
1146
1245
2700
-1
2795
2503
-1
-1
1530
2168
-1
-1
3653
1875
-1
-1
1493
-1
1127
1597
1889
2346
611
2581
2001
677
3286
2136
2895
3792
1913
1089
2412
949
-1
1601
1099
2974
846
-1
3092
1131
-1
2610
2223
2252
2353
3649
2250
2945
2959
-1
526
1460
1526
2362
-1
2931
2761
2652
1650
3711
1654
1986
2020
654
1908
3697
1315
1618
2245
1127
9116
2750
1449
1931
3071
2299
2094
2425
2559
1301
1681
2809
1867
1472
2949
904
2634
1888
1065
-1
-1
1402
3344
2604
2410
898
389
1196
2400
2555
3141
1805
2803
782
3999
559
1942
1026
2695
-1
1548
1642
1807
2840
4358
3125
2047
731
1444
735
3530
-1
1136
1776
2662
3576
2271
2247
4415
2565
2913
1641
-1
2595
2756
-1
2728
2426
-1
654
4351
2178
3234
-1
1649
1067
4645
2076
4185
1069
2041
1873
2579
918
-1
3201
1975
2166
2242
3458
2849
1025
2270
2276
2989
1676
1958
1885
1707
3508
938
-1
1690
4251
1796
1527
1232
1818
4716
2175
3127
1359
3431
461
3396
-1
1984
910
1704
2554
1866
1422
1257
1325
-1
3041
4448
744
1687
1326
3999
1851
1012
1040
6797
1735
2495
1928
-1
2874
2696
2683
2775
2218
1949
1088
3550
9299
1985
1270
3104
1539
-1
1218
776
1259
1326
1455
1724
1996
1262
3326
1299
1053
3127
1227
3946
2571
1895
1449
3042
3758
-1
1512
2737
648
1315
1252
3326
-1
4385
3759
-1
1281
1005
2130
1870
1457
1265
1783
2378
-1
2572
2597
1638
-1
3209
-1
1205
1286
1146
1993
1208
3952
2074
3220
311
666
3615
2105
2573
3064
2109
3212
3484
1637
1902
2173
-1
2716
2672
1749
-1
-1
1935
2228
1573
3241
2814
591
2283
1025
2638
1891
1593
1430
975
2108
-1
1929
3097
1127
1256
2316
2040
3534
4035
2051
2668
1089
3661
1697
1534
1161
1543
1033
-1
1653
1151
3693
4511
2769
3222
4004
1535
1863
1064
1487
5819
4066
2575
2721
1705
1413
-1
1503
1655
1068
4506
1287
2813
-1
1532
2920
3559
1104
994
2887
-1
1943
2111
2764
1731
1566
2252
1438
1337
1795
2438
5004
1050
2325
2212
1454
2729
2580
2686
1739
2092
1908
2264
2795
2191
3371
1779
3036
1083
1544
1400
3188
1279
886
3491
1794
1479
860
-1
-1
-1
10685
1685
1173
-1
1567
1247
2953
699
2758
-1
3184
3469
1411
1571
2420
-1
2222
2835
3751
2846
880
1543
2909
-1
-1
-1
2592
2013
3892
918
3399
3027
1300
3068
2222
3290
-1
2337
1648
2016
-1
908
-1
2393
812
3310
2115
-1
1252
1662
3045
3155
2484
526
3742
2343
1735
1081
-1
3584
2023
704
3318
2125
1591
1745
4509
2397
2264
3647
1157
739
723
2111
2652
1617
2635
755
1341
2679
-1
4948
4054
628
3087
1634
2670
3862
1711
351
2132
3131
1599
1409
1789
2358
2776
1730
1961
4223
3704
-1
1648
3439
2219
-1
4862
3007
2201
2215
1158
2863
1613
2765
2056
11242
4404
1993
1049
3658
4162
1067
4101
1983
2511
2012
1169
-1
1308
1418
1811
2188
1406
1714
1736
2919
-1
2787
1622
2685
1784
1097
2806
1647
3043
1299
2657
3152
2424
1477
1530
2495
2581
3428
1818
3779
644
2663
2239
2647
1162
2157
1512
1268
3793
1494
-1
1368
754
1662
3729
2584
2317
3047
2788
879
1563
2835
4339
2942
1200
1609
3302
1783
3116
2287
2193
1665
1366
2793
1859
4085
1626
2389
2899
-1
3989
2569
938
-1
3026
868
2741
1122
1586
2335
1587
1705
3145
-1
1631
3554
2790
582
1605
2144
3476
1683
4103
2322
796
2090
2525
-1
2177
3805
2719
2905
1368
1010
3302
2503
2362
2443
3826
985
2501
1532
3184
2014
666
509
2127
-1
2575
1339
-1
3760
3728
2547
1892
2676
1019
2683
682
2337
1479
5483
3475
1324
-1
3898
2524
2558
1449
3081
2631
2007
2980
1678
1931
1984
3201
1896
561
1606
-1
3473
1151
1469
-1
3343
3193
1953
2190
1022
1507
2765
3012
1973
2136
1333
2050
1507
1303
2316
1247
4220
3118
3571
2712
1650
-1
-1
-1
1815
3977
1325
1270
1845
3376
-1
2237
354
2068
2315
2223
1421
2696
1512
1849
486
1415
3503
3296
2303
3944
1078
1729
2691
1664
-1
2414
2813
1965
1476
1380
-1
1279
1301
1401
2227
1962
2447
2501
2119
1967
1078
311
1568
1148
1677
2467
-1
1104
2596
2687
807
2135
613
821
2621
2224
2862
1117
2207
2925
2849
1506
1329
2547
1210
3461
2580
-1
-1
3187
1398
2021
1398
1058
-1
3129
1227
2452
-1
3562
543
945
3296
5945
1593
2946
714
1284
1488
1507
2582
1546
2530
1071
889
1398
3193
-1
1720
1367
1995
2666
4172
2686
1652
2219
350
1565
2573
1381
1726
1881
1749
1479
2256
4333
3434
1801
2264
2502
2555
2618
3140
3767
3452
1784
2955
2122
2350
948
2053
986
737
3338
2013
-1
2945
1313
-1
2595
-1
1568
1408
1258
1917
2593
1661
1488
3775
3171
3946
3570
2613
-1
1434
3340
2751
1160
1503
1712
2112
3331
-1
1408
-1
2168
-1
1624
2170
2346
2177
-1
496
3566
1993
1679
-1
1478
2042
3220
-1
-1
3188
3069
1406
1200
2434
1421
2552
909
1127
804
1265
4266
2346
2113
2744
2970
1681
1455
1216
2246
1318
3164
2987
1248
659
2016
2387
980
2699
2582
1667
3476
-1
3118
1707
1756
698
1267
1759
1781
2427
2453
1334
2673
1895
3335
2553
2389
1586
1293
3166
2971
613
1953
711
3162
-1
3750
2437
2729
2499
3204
2794
1393
-1
-1
2113
-1
3543
3309
1413
-1
-1
1891
2251
2286
1902
1212
1864
3565
1195
3142
1032
3220
2897
2219
-1
1371
1476
1655
-1
1106
1204
619
3918
1975
1809
2696
1345
3506
2134
2476
4086
2681
1630
3914
2768
2080
1704
2772
818
1322
2261
1157
523
1560
745
1334
2852
2967
2425
1566
2691
2536
2187
4367
1110
1032
1111
1938
627
2696
906
2579
1265
2641
1725
2119
2278
1436
1734
1318
2496
1977
3083
3192
2665
760
2591
3151
2972
1268
2692
1000
407
1949
2334
2261
1158
1061
1099
2510
1567
1198
1378
2422
1749
1023
4166
2331
1303
1342
1803
2157
1288
3683
1783
1903
3312
-1
990
-1
2610
1917
1739
2442
2165
2552
1678
2215
-1
782
2494
1698
2647
1391
3577
1346
1803
2937
1017
3625
4172
1777
2197
4346
2260
2264
-1
1273
2699
263
2367
1789
1398
2166
1627
954
2714
-1
2433
3345
406
1524
1295
1196
1415
2106
1914
4002
2085
-1
3054
2248
2077
1712
-1
1199
2506
1612
1435
2208
2120
1916
5021
517
1639
2741
1562
1378
1486
1807
1459
-1
2537
2164
1474
2483
3748
3565
2697
-1
2694
2967
1380
1044
1641
1882
4234
1715
2341
2294
3561
2166
2509
1815
1224
2346
3576
2638
3958
1352
3239
2249
2984
3246
606
-1
4048
3902
2078
1560
3531
3726
-1
1216
1135
1648
3298
1996
1714
2092
2028
1249
1863
-1
-1
2051
2327
1438
989
1125
-1
2636
3117
1716
1165
2626
1653
-1
2889
-1
649
1652
2209
4193
3267
1371
1897
2604
514
1350
2893
1933
1620
1462
1382
2501
2997
2911
2081
1652
4432
914
1593
3274
1986
-1
890
2699
1715
3545
3462
1984
6797
2661
1221
2504
2008
1856
2500
3259
3146
1468
1716
2172
-1
1975
1622
2349
-1
710
1804
-1
2413
1264
4515
2826
-1
2116
2895
4234
-1
2453
2818
2843
1463
1164
2786
2180
1923
1046
1388
2749
3071
5561
1335
698
-1
2412
2967
867
1046
2959
1856
3295
2172
-1
-1
3343
2301
-1
2934
421
1405
1522
-1
1520
